0.001000;NaN
0.002000;NaN
0.003000;NaN
0.004000;NaN
0.005000;NaN
0.006000;NaN
0.007000;NaN
0.008000;NaN
0.009000;NaN
0.010000;NaN
0.011000;NaN
0.012000;NaN
0.013000;NaN
0.014000;NaN
0.015000;NaN
0.016000;NaN
0.017000;NaN
0.018000;NaN
0.019000;NaN
0.020000;NaN
0.021000;NaN
0.022000;NaN
0.023000;NaN
0.024000;NaN
0.025000;NaN
0.026000;NaN
0.027000;NaN
0.028000;NaN
0.029000;NaN
0.030000;NaN
0.031000;NaN
0.032000;NaN
0.033000;NaN
0.034000;NaN
0.035000;NaN
0.036000;NaN
0.037000;NaN
0.038000;NaN
0.039000;NaN
0.040000;NaN
0.041000;NaN
0.042000;NaN
0.043000;NaN
0.044000;NaN
0.045000;NaN
0.046000;NaN
0.047000;NaN
0.048000;NaN
0.049000;NaN
0.050000;NaN
0.051000;NaN
0.052000;NaN
0.053000;NaN
0.054000;NaN
0.055000;NaN
0.056000;NaN
0.057000;NaN
0.058000;NaN
0.059000;NaN
0.060000;NaN
0.061000;NaN
0.062000;NaN
0.063000;NaN
0.064000;NaN
0.065000;NaN
0.066000;NaN
0.067000;NaN
0.068000;NaN
0.069000;NaN
0.070000;NaN
0.071000;NaN
0.072000;NaN
0.073000;NaN
0.074000;NaN
0.075000;NaN
0.076000;NaN
0.077000;NaN
0.078000;NaN
0.079000;NaN
0.080000;NaN
0.081000;NaN
0.082000;NaN
0.083000;NaN
0.084000;NaN
0.085000;NaN
0.086000;NaN
0.087000;NaN
0.088000;NaN
0.089000;NaN
0.090000;NaN
0.091000;NaN
0.092000;NaN
0.093000;NaN
0.094000;NaN
0.095000;NaN
0.096000;NaN
0.097000;NaN
0.098000;NaN
0.099000;NaN
0.100000;NaN
0.101000;NaN
0.102000;NaN
0.103000;NaN
0.104000;NaN
0.105000;NaN
0.106000;NaN
0.107000;NaN
0.108000;NaN
0.109000;NaN
0.110000;NaN
0.111000;NaN
0.112000;NaN
0.113000;NaN
0.114000;NaN
0.115000;NaN
0.116000;NaN
0.117000;NaN
0.118000;NaN
0.119000;NaN
0.120000;NaN
0.121000;NaN
0.122000;NaN
0.123000;NaN
0.124000;NaN
0.125000;NaN
0.126000;NaN
0.127000;NaN
0.128000;NaN
0.129000;NaN
0.130000;NaN
0.131000;NaN
0.132000;NaN
0.133000;NaN
0.134000;NaN
0.135000;NaN
0.136000;NaN
0.137000;NaN
0.138000;NaN
0.139000;NaN
0.140000;NaN
0.141000;NaN
0.142000;NaN
0.143000;NaN
0.144000;NaN
0.145000;NaN
0.146000;NaN
0.147000;NaN
0.148000;NaN
0.149000;NaN
0.150000;NaN
0.151000;NaN
0.152000;NaN
0.153000;NaN
0.154000;NaN
0.155000;NaN
0.156000;NaN
0.157000;NaN
0.158000;NaN
0.159000;NaN
0.160000;NaN
0.161000;NaN
0.162000;NaN
0.163000;NaN
0.164000;NaN
0.165000;NaN
0.166000;NaN
0.167000;NaN
0.168000;NaN
0.169000;NaN
0.170000;NaN
0.171000;NaN
0.172000;NaN
0.173000;NaN
0.174000;NaN
0.175000;NaN
0.176000;NaN
0.177000;NaN
0.178000;NaN
0.179000;NaN
0.180000;NaN
0.181000;NaN
0.182000;NaN
0.183000;NaN
0.184000;NaN
0.185000;NaN
0.186000;NaN
0.187000;NaN
0.188000;NaN
0.189000;NaN
0.190000;NaN
0.191000;NaN
0.192000;NaN
0.193000;NaN
0.194000;NaN
0.195000;NaN
0.196000;NaN
0.197000;NaN
0.198000;NaN
0.199000;NaN
0.200000;NaN
0.201000;NaN
0.202000;NaN
0.203000;NaN
0.204000;NaN
0.205000;NaN
0.206000;NaN
0.207000;NaN
0.208000;NaN
0.209000;NaN
0.210000;NaN
0.211000;NaN
0.212000;NaN
0.213000;NaN
0.214000;NaN
0.215000;NaN
0.216000;NaN
0.217000;NaN
0.218000;NaN
0.219000;NaN
0.220000;NaN
0.221000;NaN
0.222000;NaN
0.223000;NaN
0.224000;NaN
0.225000;NaN
0.226000;NaN
0.227000;NaN
0.228000;NaN
0.229000;NaN
0.230000;NaN
0.231000;NaN
0.232000;NaN
0.233000;NaN
0.234000;NaN
0.235000;NaN
0.236000;NaN
0.237000;NaN
0.238000;NaN
0.239000;NaN
0.240000;NaN
0.241000;NaN
0.242000;NaN
0.243000;NaN
0.244000;NaN
0.245000;NaN
0.246000;NaN
0.247000;NaN
0.248000;NaN
0.249000;NaN
0.250000;NaN
0.251000;NaN
0.252000;NaN
0.253000;NaN
0.254000;NaN
0.255000;NaN
0.256000;NaN
0.257000;NaN
0.258000;NaN
0.259000;NaN
0.260000;NaN
0.261000;NaN
0.262000;NaN
0.263000;NaN
0.264000;NaN
0.265000;NaN
0.266000;NaN
0.267000;NaN
0.268000;NaN
0.269000;NaN
0.270000;NaN
0.271000;NaN
0.272000;NaN
0.273000;NaN
0.274000;NaN
0.275000;NaN
0.276000;NaN
0.277000;NaN
0.278000;NaN
0.279000;NaN
0.280000;NaN
0.281000;NaN
0.282000;NaN
0.283000;NaN
0.284000;NaN
0.285000;NaN
0.286000;NaN
0.287000;NaN
0.288000;NaN
0.289000;NaN
0.290000;NaN
0.291000;NaN
0.292000;NaN
0.293000;NaN
0.294000;NaN
0.295000;NaN
0.296000;NaN
0.297000;NaN
0.298000;NaN
0.299000;NaN
0.300000;NaN
0.301000;NaN
0.302000;NaN
0.303000;NaN
0.304000;NaN
0.305000;NaN
0.306000;NaN
0.307000;NaN
0.308000;NaN
0.309000;NaN
0.310000;NaN
0.311000;NaN
0.312000;NaN
0.313000;NaN
0.314000;NaN
0.315000;NaN
0.316000;NaN
0.317000;NaN
0.318000;NaN
0.319000;NaN
0.320000;NaN
0.321000;NaN
0.322000;NaN
0.323000;NaN
0.324000;NaN
0.325000;NaN
0.326000;NaN
0.327000;NaN
0.328000;NaN
0.329000;NaN
0.330000;NaN
0.331000;NaN
0.332000;NaN
0.333000;NaN
0.334000;NaN
0.335000;NaN
0.336000;NaN
0.337000;NaN
0.338000;NaN
0.339000;NaN
0.340000;NaN
0.341000;NaN
0.342000;NaN
0.343000;NaN
0.344000;NaN
0.345000;NaN
0.346000;NaN
0.347000;NaN
0.348000;NaN
0.349000;NaN
0.350000;NaN
0.351000;NaN
0.352000;NaN
0.353000;NaN
0.354000;NaN
0.355000;NaN
0.356000;NaN
0.357000;NaN
0.358000;NaN
0.359000;NaN
0.360000;NaN
0.361000;NaN
0.362000;NaN
0.363000;NaN
0.364000;NaN
0.365000;NaN
0.366000;NaN
0.367000;NaN
0.368000;NaN
0.369000;NaN
0.370000;NaN
0.371000;NaN
0.372000;NaN
0.373000;NaN
0.374000;NaN
0.375000;NaN
0.376000;NaN
0.377000;NaN
0.378000;NaN
0.379000;NaN
0.380000;NaN
0.381000;NaN
0.382000;NaN
0.383000;NaN
0.384000;NaN
0.385000;NaN
0.386000;NaN
0.387000;NaN
0.388000;NaN
0.389000;NaN
0.390000;NaN
0.391000;NaN
0.392000;NaN
0.393000;NaN
0.394000;NaN
0.395000;NaN
0.396000;NaN
0.397000;NaN
0.398000;NaN
0.399000;NaN
0.400000;NaN
0.401000;NaN
0.402000;NaN
0.403000;NaN
0.404000;NaN
0.405000;NaN
0.406000;NaN
0.407000;NaN
0.408000;NaN
0.409000;NaN
0.410000;NaN
0.411000;NaN
0.412000;NaN
0.413000;NaN
0.414000;NaN
0.415000;NaN
0.416000;NaN
0.417000;NaN
0.418000;NaN
0.419000;NaN
0.420000;NaN
0.421000;NaN
0.422000;NaN
0.423000;NaN
0.424000;NaN
0.425000;NaN
0.426000;NaN
0.427000;NaN
0.428000;NaN
0.429000;NaN
0.430000;NaN
0.431000;NaN
0.432000;NaN
0.433000;NaN
0.434000;NaN
0.435000;NaN
0.436000;NaN
0.437000;NaN
0.438000;NaN
0.439000;NaN
0.440000;NaN
0.441000;NaN
0.442000;NaN
0.443000;NaN
0.444000;NaN
0.445000;NaN
0.446000;NaN
0.447000;NaN
0.448000;NaN
0.449000;NaN
0.450000;NaN
0.451000;NaN
0.452000;NaN
0.453000;NaN
0.454000;NaN
0.455000;NaN
0.456000;NaN
0.457000;NaN
0.458000;NaN
0.459000;NaN
0.460000;NaN
0.461000;NaN
0.462000;NaN
0.463000;NaN
0.464000;NaN
0.465000;NaN
0.466000;NaN
0.467000;NaN
0.468000;NaN
0.469000;NaN
0.470000;NaN
0.471000;NaN
0.472000;NaN
0.473000;NaN
0.474000;NaN
0.475000;NaN
0.476000;NaN
0.477000;NaN
0.478000;NaN
0.479000;NaN
0.480000;NaN
0.481000;NaN
0.482000;NaN
0.483000;NaN
0.484000;NaN
0.485000;NaN
0.486000;NaN
0.487000;NaN
0.488000;NaN
0.489000;NaN
0.490000;NaN
0.491000;NaN
0.492000;NaN
0.493000;NaN
0.494000;NaN
0.495000;NaN
0.496000;NaN
0.497000;NaN
0.498000;NaN
0.499000;NaN
0.500000;-1.000047
0.501000;-0.997308
0.502000;-0.994287
0.503000;-0.991416
0.504000;-0.988693
0.505000;-0.985832
0.506000;-0.982837
0.507000;-0.979988
0.508000;-0.977285
0.509000;-0.974447
0.510000;-0.971614
0.511000;-0.968650
0.512000;-0.965968
0.513000;-0.963151
0.514000;-0.960208
0.515000;-0.957536
0.516000;-0.954736
0.517000;-0.951943
0.518000;-0.949025
0.519000;-0.946369
0.520000;-0.943465
0.521000;-0.940823
0.522000;-0.938054
0.523000;-0.935291
0.524000;-0.932535
0.525000;-0.929785
0.526000;-0.927041
0.527000;-0.924174
0.528000;-0.921435
0.529000;-0.918830
0.530000;-0.916111
0.531000;-0.913260
0.532000;-0.910673
0.533000;-0.907839
0.534000;-0.905257
0.535000;-0.902436
0.536000;-0.899863
0.537000;-0.897051
0.538000;-0.894492
0.539000;-0.891683
0.540000;-0.889018
0.541000;-0.886464
0.542000;-0.883678
0.543000;-0.881026
0.544000;-0.878484
0.545000;-0.875713
0.546000;-0.873076
0.547000;-0.870551
0.548000;-0.867908
0.549000;-0.865166
0.550000;-0.862547
0.551000;-0.860036
0.552000;-0.857413
0.553000;-0.854692
0.554000;-0.852091
0.555000;-0.849601
0.556000;-0.846997
0.557000;-0.844289
0.558000;-0.841707
0.559000;-0.839129
0.560000;-0.836660
0.561000;-0.834080
0.562000;-0.831505
0.563000;-0.828833
0.564000;-0.826278
0.565000;-0.823727
0.566000;-0.821283
0.567000;-0.818730
0.568000;-0.816183
0.569000;-0.813640
0.570000;-0.811007
0.571000;-0.808483
0.572000;-0.805962
0.573000;-0.803548
0.574000;-0.801027
0.575000;-0.798511
0.576000;-0.795999
0.577000;-0.793493
0.578000;-0.790898
0.579000;-0.788408
0.580000;-0.785922
0.581000;-0.783440
0.582000;-0.781059
0.583000;-0.778577
0.584000;-0.776101
0.585000;-0.773628
0.586000;-0.771160
0.587000;-0.768602
0.588000;-0.766150
0.589000;-0.763702
0.590000;-0.761258
0.591000;-0.758818
0.592000;-0.756382
0.593000;-0.754041
0.594000;-0.751606
0.595000;-0.749175
0.596000;-0.746749
0.597000;-0.744327
0.598000;-0.741909
0.599000;-0.739496
0.600000;-0.737000
0.601000;-0.734601
0.602000;-0.732206
0.603000;-0.729814
0.604000;-0.727426
0.605000;-0.725042
0.606000;-0.722661
0.607000;-0.720371
0.608000;-0.717992
0.609000;-0.715618
0.610000;-0.713247
0.611000;-0.710881
0.612000;-0.708519
0.613000;-0.706161
0.614000;-0.703807
0.615000;-0.701457
0.616000;-0.699030
0.617000;-0.696693
0.618000;-0.694359
0.619000;-0.692029
0.620000;-0.689702
0.621000;-0.687379
0.622000;-0.685060
0.623000;-0.682744
0.624000;-0.680432
0.625000;-0.678123
0.626000;-0.675895
0.627000;-0.673589
0.628000;-0.671287
0.629000;-0.668989
0.630000;-0.666694
0.631000;-0.664403
0.632000;-0.662117
0.633000;-0.659833
0.634000;-0.657554
0.635000;-0.655278
0.636000;-0.653006
0.637000;-0.650663
0.638000;-0.648403
0.639000;-0.646145
0.640000;-0.643891
0.641000;-0.641641
0.642000;-0.639394
0.643000;-0.637150
0.644000;-0.634910
0.645000;-0.632673
0.646000;-0.630439
0.647000;-0.628209
0.648000;-0.625982
0.649000;-0.623759
0.650000;-0.621539
0.651000;-0.619389
0.652000;-0.617173
0.653000;-0.614959
0.654000;-0.612749
0.655000;-0.610543
0.656000;-0.608340
0.657000;-0.606140
0.658000;-0.603944
0.659000;-0.601751
0.660000;-0.599562
0.661000;-0.597376
0.662000;-0.595193
0.663000;-0.593014
0.664000;-0.590838
0.665000;-0.588666
0.666000;-0.586496
0.667000;-0.584267
0.668000;-0.582108
0.669000;-0.579951
0.670000;-0.577798
0.671000;-0.575648
0.672000;-0.573501
0.673000;-0.571357
0.674000;-0.569216
0.675000;-0.567079
0.676000;-0.564944
0.677000;-0.562812
0.678000;-0.560684
0.679000;-0.558559
0.680000;-0.556436
0.681000;-0.554317
0.682000;-0.552201
0.683000;-0.550088
0.684000;-0.547978
0.685000;-0.545871
0.686000;-0.543825
0.687000;-0.541722
0.688000;-0.539621
0.689000;-0.537524
0.690000;-0.535430
0.691000;-0.533339
0.692000;-0.531251
0.693000;-0.529166
0.694000;-0.527084
0.695000;-0.525005
0.696000;-0.522929
0.697000;-0.520856
0.698000;-0.518786
0.699000;-0.516720
0.700000;-0.514656
0.701000;-0.512595
0.702000;-0.510537
0.703000;-0.508483
0.704000;-0.506431
0.705000;-0.504382
0.706000;-0.502336
0.707000;-0.500293
0.708000;-0.498253
0.709000;-0.496216
0.710000;-0.494131
0.711000;-0.492101
0.712000;-0.490075
0.713000;-0.488051
0.714000;-0.486030
0.715000;-0.484012
0.716000;-0.481997
0.717000;-0.479984
0.718000;-0.477975
0.719000;-0.475968
0.720000;-0.473963
0.721000;-0.471962
0.722000;-0.469963
0.723000;-0.467967
0.724000;-0.465973
0.725000;-0.463983
0.726000;-0.461995
0.727000;-0.460010
0.728000;-0.458027
0.729000;-0.456047
0.730000;-0.454070
0.731000;-0.452095
0.732000;-0.450124
0.733000;-0.448154
0.734000;-0.446188
0.735000;-0.444224
0.736000;-0.442263
0.737000;-0.440304
0.738000;-0.438348
0.739000;-0.436439
0.740000;-0.434486
0.741000;-0.432537
0.742000;-0.430590
0.743000;-0.428645
0.744000;-0.426703
0.745000;-0.424764
0.746000;-0.422828
0.747000;-0.420894
0.748000;-0.418963
0.749000;-0.417034
0.750000;-0.415108
0.751000;-0.413185
0.752000;-0.411264
0.753000;-0.409346
0.754000;-0.407430
0.755000;-0.405517
0.756000;-0.403606
0.757000;-0.401698
0.758000;-0.399793
0.759000;-0.397890
0.760000;-0.395990
0.761000;-0.394092
0.762000;-0.392196
0.763000;-0.390304
0.764000;-0.388413
0.765000;-0.386525
0.766000;-0.384640
0.767000;-0.382757
0.768000;-0.380877
0.769000;-0.378999
0.770000;-0.377123
0.771000;-0.375250
0.772000;-0.373380
0.773000;-0.371512
0.774000;-0.369646
0.775000;-0.367747
0.776000;-0.365887
0.777000;-0.364030
0.778000;-0.362176
0.779000;-0.360323
0.780000;-0.358473
0.781000;-0.356625
0.782000;-0.354780
0.783000;-0.352937
0.784000;-0.351096
0.785000;-0.349258
0.786000;-0.347422
0.787000;-0.345588
0.788000;-0.343756
0.789000;-0.341927
0.790000;-0.340100
0.791000;-0.338276
0.792000;-0.336453
0.793000;-0.334633
0.794000;-0.332815
0.795000;-0.331000
0.796000;-0.329187
0.797000;-0.327376
0.798000;-0.325567
0.799000;-0.323760
0.800000;-0.321956
0.801000;-0.320154
0.802000;-0.318354
0.803000;-0.316557
0.804000;-0.314761
0.805000;-0.312968
0.806000;-0.311177
0.807000;-0.309389
0.808000;-0.307602
0.809000;-0.305818
0.810000;-0.304036
0.811000;-0.302256
0.812000;-0.300478
0.813000;-0.298702
0.814000;-0.296929
0.815000;-0.295158
0.816000;-0.293389
0.817000;-0.291622
0.818000;-0.289857
0.819000;-0.288094
0.820000;-0.286334
0.821000;-0.284601
0.822000;-0.282844
0.823000;-0.281089
0.824000;-0.279336
0.825000;-0.277585
0.826000;-0.275837
0.827000;-0.274090
0.828000;-0.272346
0.829000;-0.270604
0.830000;-0.268864
0.831000;-0.267126
0.832000;-0.265390
0.833000;-0.263656
0.834000;-0.261925
0.835000;-0.260195
0.836000;-0.258468
0.837000;-0.256742
0.838000;-0.255019
0.839000;-0.253298
0.840000;-0.251579
0.841000;-0.249861
0.842000;-0.248146
0.843000;-0.246433
0.844000;-0.244722
0.845000;-0.243014
0.846000;-0.241307
0.847000;-0.239602
0.848000;-0.237899
0.849000;-0.236198
0.850000;-0.234499
0.851000;-0.232803
0.852000;-0.231108
0.853000;-0.229415
0.854000;-0.227724
0.855000;-0.226036
0.856000;-0.224349
0.857000;-0.222664
0.858000;-0.220981
0.859000;-0.219300
0.860000;-0.217621
0.861000;-0.215944
0.862000;-0.214269
0.863000;-0.212596
0.864000;-0.210925
0.865000;-0.209256
0.866000;-0.207589
0.867000;-0.205923
0.868000;-0.204260
0.869000;-0.202598
0.870000;-0.200939
0.871000;-0.199281
0.872000;-0.197626
0.873000;-0.195972
0.874000;-0.194320
0.875000;-0.192670
0.876000;-0.191022
0.877000;-0.189360
0.878000;-0.187716
0.879000;-0.186074
0.880000;-0.184434
0.881000;-0.182796
0.882000;-0.181160
0.883000;-0.179525
0.884000;-0.177893
0.885000;-0.176262
0.886000;-0.174633
0.887000;-0.173006
0.888000;-0.171380
0.889000;-0.169757
0.890000;-0.168135
0.891000;-0.166515
0.892000;-0.164897
0.893000;-0.163281
0.894000;-0.161666
0.895000;-0.160054
0.896000;-0.158443
0.897000;-0.156833
0.898000;-0.155226
0.899000;-0.153621
0.900000;-0.152017
0.901000;-0.150415
0.902000;-0.148814
0.903000;-0.147216
0.904000;-0.145619
0.905000;-0.144024
0.906000;-0.142431
0.907000;-0.140839
0.908000;-0.139249
0.909000;-0.137661
0.910000;-0.136075
0.911000;-0.134491
0.912000;-0.132908
0.913000;-0.131327
0.914000;-0.129747
0.915000;-0.128170
0.916000;-0.126594
0.917000;-0.125020
0.918000;-0.123447
0.919000;-0.121876
0.920000;-0.120307
0.921000;-0.118740
0.922000;-0.117174
0.923000;-0.115610
0.924000;-0.114048
0.925000;-0.112487
0.926000;-0.110928
0.927000;-0.109371
0.928000;-0.107815
0.929000;-0.106261
0.930000;-0.104709
0.931000;-0.103159
0.932000;-0.101610
0.933000;-0.100062
0.934000;-0.098517
0.935000;-0.096973
0.936000;-0.095430
0.937000;-0.093890
0.938000;-0.092358
0.939000;-0.090820
0.940000;-0.089284
0.941000;-0.087749
0.942000;-0.086216
0.943000;-0.084685
0.944000;-0.083155
0.945000;-0.081627
0.946000;-0.080101
0.947000;-0.078576
0.948000;-0.077053
0.949000;-0.075532
0.950000;-0.074012
0.951000;-0.072494
0.952000;-0.070977
0.953000;-0.069462
0.954000;-0.067949
0.955000;-0.066437
0.956000;-0.064927
0.957000;-0.063418
0.958000;-0.061911
0.959000;-0.060406
0.960000;-0.058902
0.961000;-0.057399
0.962000;-0.055899
0.963000;-0.054400
0.964000;-0.052902
0.965000;-0.051406
0.966000;-0.049911
0.967000;-0.048418
0.968000;-0.046927
0.969000;-0.045437
0.970000;-0.043949
0.971000;-0.042462
0.972000;-0.040977
0.973000;-0.039493
0.974000;-0.038011
0.975000;-0.036530
0.976000;-0.035051
0.977000;-0.033574
0.978000;-0.032098
0.979000;-0.030623
0.980000;-0.029150
0.981000;-0.027678
0.982000;-0.026208
0.983000;-0.024740
0.984000;-0.023273
0.985000;-0.021807
0.986000;-0.020343
0.987000;-0.018879
0.988000;-0.017418
0.989000;-0.015959
0.990000;-0.014501
0.991000;-0.013044
0.992000;-0.011589
0.993000;-0.010135
0.994000;-0.008683
0.995000;-0.007232
0.996000;-0.005783
0.997000;-0.004335
0.998000;-0.002889
0.999000;-0.001444
1.000000;0.000000
1.001000;0.001442
1.002000;0.002883
1.003000;0.004322
1.004000;0.005760
1.005000;0.007196
1.006000;0.008631
1.007000;0.010065
1.008000;0.011497
1.009000;0.012927
1.010000;0.014357
1.011000;0.015784
1.012000;0.017211
1.013000;0.018635
1.014000;0.020059
1.015000;0.021482
1.016000;0.022903
1.017000;0.024323
1.018000;0.025741
1.019000;0.027157
1.020000;0.028572
1.021000;0.029986
1.022000;0.031399
1.023000;0.032810
1.024000;0.034220
1.025000;0.035628
1.026000;0.037035
1.027000;0.038441
1.028000;0.039845
1.029000;0.041248
1.030000;0.042649
1.031000;0.044049
1.032000;0.045448
1.033000;0.046845
1.034000;0.048241
1.035000;0.049636
1.036000;0.051030
1.037000;0.052422
1.038000;0.053812
1.039000;0.055201
1.040000;0.056589
1.041000;0.057976
1.042000;0.059361
1.043000;0.060745
1.044000;0.062128
1.045000;0.063509
1.046000;0.064889
1.047000;0.066268
1.048000;0.067645
1.049000;0.069021
1.050000;0.070396
1.051000;0.071769
1.052000;0.073141
1.053000;0.074512
1.054000;0.075881
1.055000;0.077249
1.056000;0.078616
1.057000;0.079982
1.058000;0.081346
1.059000;0.082709
1.060000;0.084070
1.061000;0.085431
1.062000;0.086790
1.063000;0.088147
1.064000;0.089504
1.065000;0.090859
1.066000;0.092213
1.067000;0.093565
1.068000;0.094917
1.069000;0.096267
1.070000;0.097615
1.071000;0.098963
1.072000;0.100316
1.073000;0.101662
1.074000;0.103006
1.075000;0.104349
1.076000;0.105690
1.077000;0.107030
1.078000;0.108369
1.079000;0.109707
1.080000;0.111044
1.081000;0.112379
1.082000;0.113713
1.083000;0.115046
1.084000;0.116378
1.085000;0.117708
1.086000;0.119037
1.087000;0.120365
1.088000;0.121692
1.089000;0.123017
1.090000;0.124342
1.091000;0.125665
1.092000;0.126987
1.093000;0.128307
1.094000;0.129627
1.095000;0.130945
1.096000;0.132262
1.097000;0.133578
1.098000;0.134892
1.099000;0.136206
1.100000;0.137518
1.101000;0.138829
1.102000;0.140139
1.103000;0.141447
1.104000;0.142755
1.105000;0.144061
1.106000;0.145366
1.107000;0.146670
1.108000;0.147973
1.109000;0.149274
1.110000;0.150575
1.111000;0.151874
1.112000;0.153172
1.113000;0.154469
1.114000;0.155764
1.115000;0.157059
1.116000;0.158352
1.117000;0.159644
1.118000;0.160935
1.119000;0.162225
1.120000;0.163514
1.121000;0.164801
1.122000;0.166088
1.123000;0.167373
1.124000;0.168657
1.125000;0.169940
1.126000;0.171222
1.127000;0.172502
1.128000;0.173782
1.129000;0.175060
1.130000;0.176337
1.131000;0.177613
1.132000;0.178888
1.133000;0.180162
1.134000;0.181435
1.135000;0.182706
1.136000;0.183977
1.137000;0.185246
1.138000;0.186514
1.139000;0.187781
1.140000;0.189047
1.141000;0.190312
1.142000;0.191576
1.143000;0.192838
1.144000;0.194100
1.145000;0.195360
1.146000;0.196620
1.147000;0.197878
1.148000;0.199135
1.149000;0.200391
1.150000;0.201646
1.151000;0.202899
1.152000;0.204152
1.153000;0.205404
1.154000;0.206654
1.155000;0.207903
1.156000;0.209152
1.157000;0.210399
1.158000;0.211645
1.159000;0.212890
1.160000;0.214134
1.161000;0.215377
1.162000;0.216619
1.163000;0.217859
1.164000;0.219099
1.165000;0.220354
1.166000;0.221592
1.167000;0.222829
1.168000;0.224064
1.169000;0.225299
1.170000;0.226533
1.171000;0.227765
1.172000;0.228997
1.173000;0.230228
1.174000;0.231457
1.175000;0.232685
1.176000;0.233913
1.177000;0.235139
1.178000;0.236364
1.179000;0.237589
1.180000;0.238812
1.181000;0.240034
1.182000;0.241255
1.183000;0.242475
1.184000;0.243694
1.185000;0.244912
1.186000;0.246129
1.187000;0.247345
1.188000;0.248560
1.189000;0.249774
1.190000;0.250987
1.191000;0.252199
1.192000;0.253409
1.193000;0.254619
1.194000;0.255828
1.195000;0.257036
1.196000;0.258243
1.197000;0.259448
1.198000;0.260653
1.199000;0.261857
1.200000;0.263060
1.201000;0.264261
1.202000;0.265462
1.203000;0.266662
1.204000;0.267861
1.205000;0.269058
1.206000;0.270255
1.207000;0.271451
1.208000;0.272645
1.209000;0.273839
1.210000;0.275032
1.211000;0.276224
1.212000;0.277415
1.213000;0.278604
1.214000;0.279793
1.215000;0.280981
1.216000;0.282168
1.217000;0.283354
1.218000;0.284539
1.219000;0.285722
1.220000;0.286905
1.221000;0.288087
1.222000;0.289268
1.223000;0.290448
1.224000;0.291627
1.225000;0.292806
1.226000;0.293983
1.227000;0.295159
1.228000;0.296334
1.229000;0.297508
1.230000;0.298682
1.231000;0.299854
1.232000;0.301025
1.233000;0.302196
1.234000;0.303365
1.235000;0.304534
1.236000;0.305701
1.237000;0.306868
1.238000;0.308033
1.239000;0.309198
1.240000;0.310362
1.241000;0.311525
1.242000;0.312687
1.243000;0.313847
1.244000;0.315007
1.245000;0.316166
1.246000;0.317325
1.247000;0.318482
1.248000;0.319638
1.249000;0.320793
1.250000;0.321948
1.251000;0.323101
1.252000;0.324254
1.253000;0.325405
1.254000;0.326556
1.255000;0.327706
1.256000;0.328855
1.257000;0.330003
1.258000;0.331150
1.259000;0.332296
1.260000;0.333441
1.261000;0.334585
1.262000;0.335728
1.263000;0.336871
1.264000;0.338012
1.265000;0.339153
1.266000;0.340293
1.267000;0.341431
1.268000;0.342569
1.269000;0.343706
1.270000;0.344842
1.271000;0.345977
1.272000;0.347112
1.273000;0.348245
1.274000;0.349378
1.275000;0.350509
1.276000;0.351640
1.277000;0.352770
1.278000;0.353899
1.279000;0.355027
1.280000;0.356180
1.281000;0.357307
1.282000;0.358432
1.283000;0.359557
1.284000;0.360681
1.285000;0.361805
1.286000;0.362927
1.287000;0.364048
1.288000;0.365169
1.289000;0.366288
1.290000;0.367407
1.291000;0.368525
1.292000;0.369642
1.293000;0.370758
1.294000;0.371874
1.295000;0.372988
1.296000;0.374102
1.297000;0.375215
1.298000;0.376326
1.299000;0.377437
1.300000;0.378548
1.301000;0.379657
1.302000;0.380765
1.303000;0.381873
1.304000;0.382980
1.305000;0.384086
1.306000;0.385191
1.307000;0.386295
1.308000;0.387398
1.309000;0.388501
1.310000;0.389602
1.311000;0.390703
1.312000;0.391803
1.313000;0.392902
1.314000;0.394000
1.315000;0.395098
1.316000;0.396195
1.317000;0.397290
1.318000;0.398385
1.319000;0.399479
1.320000;0.400573
1.321000;0.401665
1.322000;0.402757
1.323000;0.403847
1.324000;0.404937
1.325000;0.406027
1.326000;0.407115
1.327000;0.408202
1.328000;0.409289
1.329000;0.410375
1.330000;0.411460
1.331000;0.412544
1.332000;0.413627
1.333000;0.414710
1.334000;0.415792
1.335000;0.416873
1.336000;0.417953
1.337000;0.419032
1.338000;0.420111
1.339000;0.421188
1.340000;0.422265
1.341000;0.423341
1.342000;0.424417
1.343000;0.425491
1.344000;0.426565
1.345000;0.427638
1.346000;0.428710
1.347000;0.429781
1.348000;0.430851
1.349000;0.431921
1.350000;0.432990
1.351000;0.434058
1.352000;0.435125
1.353000;0.436192
1.354000;0.437257
1.355000;0.438322
1.356000;0.439386
1.357000;0.440450
1.358000;0.441512
1.359000;0.442574
1.360000;0.443635
1.361000;0.444695
1.362000;0.445754
1.363000;0.446813
1.364000;0.447871
1.365000;0.448928
1.366000;0.449984
1.367000;0.451040
1.368000;0.452094
1.369000;0.453148
1.370000;0.454202
1.371000;0.455254
1.372000;0.456306
1.373000;0.457356
1.374000;0.458406
1.375000;0.459456
1.376000;0.460504
1.377000;0.461552
1.378000;0.462599
1.379000;0.463645
1.380000;0.464691
1.381000;0.465736
1.382000;0.466779
1.383000;0.467823
1.384000;0.468865
1.385000;0.469907
1.386000;0.470948
1.387000;0.471988
1.388000;0.473027
1.389000;0.474066
1.390000;0.475104
1.391000;0.476141
1.392000;0.477177
1.393000;0.478213
1.394000;0.479248
1.395000;0.480282
1.396000;0.481316
1.397000;0.482348
1.398000;0.483380
1.399000;0.484411
1.400000;0.485442
1.401000;0.486471
1.402000;0.487500
1.403000;0.488529
1.404000;0.489556
1.405000;0.490583
1.406000;0.491609
1.407000;0.492634
1.408000;0.493659
1.409000;0.494682
1.410000;0.495742
1.411000;0.496764
1.412000;0.497786
1.413000;0.498808
1.414000;0.499828
1.415000;0.500848
1.416000;0.501867
1.417000;0.502886
1.418000;0.503903
1.419000;0.504920
1.420000;0.505937
1.421000;0.506952
1.422000;0.507967
1.423000;0.508981
1.424000;0.509995
1.425000;0.511007
1.426000;0.512019
1.427000;0.513030
1.428000;0.514041
1.429000;0.515051
1.430000;0.516060
1.431000;0.517068
1.432000;0.518076
1.433000;0.519083
1.434000;0.520089
1.435000;0.521095
1.436000;0.522100
1.437000;0.523104
1.438000;0.524108
1.439000;0.525110
1.440000;0.526112
1.441000;0.527114
1.442000;0.528115
1.443000;0.529115
1.444000;0.530114
1.445000;0.531112
1.446000;0.532110
1.447000;0.533108
1.448000;0.534104
1.449000;0.535100
1.450000;0.536095
1.451000;0.537090
1.452000;0.538083
1.453000;0.539076
1.454000;0.540069
1.455000;0.541061
1.456000;0.542052
1.457000;0.543042
1.458000;0.544032
1.459000;0.545021
1.460000;0.546009
1.461000;0.546996
1.462000;0.547983
1.463000;0.548970
1.464000;0.549955
1.465000;0.550940
1.466000;0.551924
1.467000;0.552908
1.468000;0.553891
1.469000;0.554873
1.470000;0.555855
1.471000;0.556835
1.472000;0.557816
1.473000;0.558795
1.474000;0.559774
1.475000;0.560752
1.476000;0.561730
1.477000;0.562707
1.478000;0.563683
1.479000;0.564658
1.480000;0.565633
1.481000;0.566607
1.482000;0.567581
1.483000;0.568554
1.484000;0.569526
1.485000;0.570498
1.486000;0.571469
1.487000;0.572439
1.488000;0.573408
1.489000;0.574377
1.490000;0.575346
1.491000;0.576313
1.492000;0.577280
1.493000;0.578247
1.494000;0.579212
1.495000;0.580177
1.496000;0.581142
1.497000;0.582106
1.498000;0.583069
1.499000;0.584031
1.500000;0.584993
1.501000;0.585954
1.502000;0.586914
1.503000;0.587874
1.504000;0.588834
1.505000;0.589792
1.506000;0.590750
1.507000;0.591707
1.508000;0.592664
1.509000;0.593620
1.510000;0.594575
1.511000;0.595530
1.512000;0.596484
1.513000;0.597438
1.514000;0.598391
1.515000;0.599343
1.516000;0.600294
1.517000;0.601245
1.518000;0.602196
1.519000;0.603145
1.520000;0.604094
1.521000;0.605043
1.522000;0.605991
1.523000;0.606938
1.524000;0.607884
1.525000;0.608830
1.526000;0.609775
1.527000;0.610720
1.528000;0.611664
1.529000;0.612608
1.530000;0.613550
1.531000;0.614493
1.532000;0.615434
1.533000;0.616375
1.534000;0.617315
1.535000;0.618255
1.536000;0.619194
1.537000;0.620133
1.538000;0.621070
1.539000;0.622008
1.540000;0.622944
1.541000;0.623880
1.542000;0.624816
1.543000;0.625751
1.544000;0.626685
1.545000;0.627618
1.546000;0.628551
1.547000;0.629484
1.548000;0.630415
1.549000;0.631391
1.550000;0.632322
1.551000;0.633253
1.552000;0.634182
1.553000;0.635112
1.554000;0.636040
1.555000;0.636968
1.556000;0.637895
1.557000;0.638822
1.558000;0.639748
1.559000;0.640674
1.560000;0.641599
1.561000;0.642523
1.562000;0.643447
1.563000;0.644370
1.564000;0.645293
1.565000;0.646215
1.566000;0.647136
1.567000;0.648057
1.568000;0.648977
1.569000;0.649897
1.570000;0.650816
1.571000;0.651734
1.572000;0.652652
1.573000;0.653569
1.574000;0.654486
1.575000;0.655402
1.576000;0.656318
1.577000;0.657233
1.578000;0.658147
1.579000;0.659061
1.580000;0.659974
1.581000;0.660887
1.582000;0.661799
1.583000;0.662710
1.584000;0.663621
1.585000;0.664531
1.586000;0.665441
1.587000;0.666350
1.588000;0.667259
1.589000;0.668167
1.590000;0.669074
1.591000;0.669981
1.592000;0.670887
1.593000;0.671793
1.594000;0.672698
1.595000;0.673603
1.596000;0.674507
1.597000;0.675410
1.598000;0.676313
1.599000;0.677215
1.600000;0.678117
1.601000;0.679018
1.602000;0.679919
1.603000;0.680819
1.604000;0.681718
1.605000;0.682617
1.606000;0.683515
1.607000;0.684413
1.608000;0.685310
1.609000;0.686207
1.610000;0.687103
1.611000;0.687999
1.612000;0.688894
1.613000;0.689788
1.614000;0.690682
1.615000;0.691575
1.616000;0.692468
1.617000;0.693360
1.618000;0.694252
1.619000;0.695143
1.620000;0.696033
1.621000;0.696923
1.622000;0.697813
1.623000;0.698702
1.624000;0.699590
1.625000;0.700478
1.626000;0.701365
1.627000;0.702252
1.628000;0.703138
1.629000;0.704023
1.630000;0.704908
1.631000;0.705793
1.632000;0.706677
1.633000;0.707560
1.634000;0.708443
1.635000;0.709325
1.636000;0.710207
1.637000;0.711088
1.638000;0.711969
1.639000;0.712849
1.640000;0.713729
1.641000;0.714608
1.642000;0.715486
1.643000;0.716364
1.644000;0.717242
1.645000;0.718118
1.646000;0.718995
1.647000;0.719871
1.648000;0.720746
1.649000;0.721621
1.650000;0.722495
1.651000;0.723369
1.652000;0.724242
1.653000;0.725114
1.654000;0.725986
1.655000;0.726858
1.656000;0.727729
1.657000;0.728600
1.658000;0.729470
1.659000;0.730339
1.660000;0.731208
1.661000;0.732076
1.662000;0.732944
1.663000;0.733812
1.664000;0.734678
1.665000;0.735545
1.666000;0.736410
1.667000;0.737276
1.668000;0.738140
1.669000;0.739005
1.670000;0.739868
1.671000;0.740731
1.672000;0.741594
1.673000;0.742456
1.674000;0.743318
1.675000;0.744179
1.676000;0.745039
1.677000;0.745899
1.678000;0.746759
1.679000;0.747618
1.680000;0.748476
1.681000;0.749334
1.682000;0.750192
1.683000;0.751049
1.684000;0.751905
1.685000;0.752761
1.686000;0.753617
1.687000;0.754471
1.688000;0.755326
1.689000;0.756180
1.690000;0.757033
1.691000;0.757886
1.692000;0.758738
1.693000;0.759590
1.694000;0.760441
1.695000;0.761292
1.696000;0.762195
1.697000;0.763046
1.698000;0.763895
1.699000;0.764745
1.700000;0.765593
1.701000;0.766441
1.702000;0.767289
1.703000;0.768136
1.704000;0.768983
1.705000;0.769829
1.706000;0.770675
1.707000;0.771520
1.708000;0.772365
1.709000;0.773209
1.710000;0.774053
1.711000;0.774896
1.712000;0.775739
1.713000;0.776581
1.714000;0.777423
1.715000;0.778264
1.716000;0.779105
1.717000;0.779945
1.718000;0.780785
1.719000;0.781624
1.720000;0.782463
1.721000;0.783301
1.722000;0.784139
1.723000;0.784976
1.724000;0.785813
1.725000;0.786650
1.726000;0.787485
1.727000;0.788321
1.728000;0.789156
1.729000;0.789990
1.730000;0.790824
1.731000;0.791657
1.732000;0.792490
1.733000;0.793323
1.734000;0.794155
1.735000;0.794986
1.736000;0.795817
1.737000;0.796648
1.738000;0.797478
1.739000;0.798307
1.740000;0.799137
1.741000;0.799965
1.742000;0.800793
1.743000;0.801621
1.744000;0.802448
1.745000;0.803275
1.746000;0.804101
1.747000;0.804927
1.748000;0.805752
1.749000;0.806577
1.750000;0.807401
1.751000;0.808225
1.752000;0.809048
1.753000;0.809871
1.754000;0.810694
1.755000;0.811516
1.756000;0.812337
1.757000;0.813158
1.758000;0.813979
1.759000;0.814799
1.760000;0.815619
1.761000;0.816438
1.762000;0.817256
1.763000;0.818075
1.764000;0.818892
1.765000;0.819710
1.766000;0.820526
1.767000;0.821343
1.768000;0.822159
1.769000;0.822974
1.770000;0.823789
1.771000;0.824604
1.772000;0.825418
1.773000;0.826231
1.774000;0.827044
1.775000;0.827857
1.776000;0.828669
1.777000;0.829481
1.778000;0.830292
1.779000;0.831103
1.780000;0.831913
1.781000;0.832723
1.782000;0.833533
1.783000;0.834342
1.784000;0.835150
1.785000;0.835958
1.786000;0.836766
1.787000;0.837573
1.788000;0.838380
1.789000;0.839186
1.790000;0.839992
1.791000;0.840797
1.792000;0.841602
1.793000;0.842406
1.794000;0.843210
1.795000;0.844014
1.796000;0.844817
1.797000;0.845619
1.798000;0.846422
1.799000;0.847223
1.800000;0.848025
1.801000;0.848825
1.802000;0.849626
1.803000;0.850426
1.804000;0.851225
1.805000;0.852024
1.806000;0.852823
1.807000;0.853621
1.808000;0.854419
1.809000;0.855216
1.810000;0.856013
1.811000;0.856809
1.812000;0.857605
1.813000;0.858401
1.814000;0.859196
1.815000;0.859990
1.816000;0.860784
1.817000;0.861578
1.818000;0.862371
1.819000;0.863164
1.820000;0.863957
1.821000;0.864748
1.822000;0.865540
1.823000;0.866331
1.824000;0.867122
1.825000;0.867912
1.826000;0.868702
1.827000;0.869491
1.828000;0.870280
1.829000;0.871068
1.830000;0.871856
1.831000;0.872644
1.832000;0.873431
1.833000;0.874218
1.834000;0.875004
1.835000;0.875790
1.836000;0.876575
1.837000;0.877360
1.838000;0.878145
1.839000;0.878929
1.840000;0.879713
1.841000;0.880496
1.842000;0.881279
1.843000;0.882061
1.844000;0.882843
1.845000;0.883625
1.846000;0.884406
1.847000;0.885187
1.848000;0.886027
1.849000;0.886807
1.850000;0.887587
1.851000;0.888366
1.852000;0.889145
1.853000;0.889924
1.854000;0.890702
1.855000;0.891480
1.856000;0.892257
1.857000;0.893034
1.858000;0.893810
1.859000;0.894586
1.860000;0.895362
1.861000;0.896137
1.862000;0.896912
1.863000;0.897686
1.864000;0.898460
1.865000;0.899234
1.866000;0.900007
1.867000;0.900779
1.868000;0.901552
1.869000;0.902323
1.870000;0.903095
1.871000;0.903866
1.872000;0.904636
1.873000;0.905407
1.874000;0.906176
1.875000;0.906946
1.876000;0.907715
1.877000;0.908483
1.878000;0.909251
1.879000;0.910019
1.880000;0.910786
1.881000;0.911553
1.882000;0.912320
1.883000;0.913086
1.884000;0.913851
1.885000;0.914617
1.886000;0.915382
1.887000;0.916146
1.888000;0.916910
1.889000;0.917674
1.890000;0.918437
1.891000;0.919200
1.892000;0.919962
1.893000;0.920724
1.894000;0.921486
1.895000;0.922247
1.896000;0.923008
1.897000;0.923768
1.898000;0.924528
1.899000;0.925288
1.900000;0.926047
1.901000;0.926805
1.902000;0.927564
1.903000;0.928322
1.904000;0.929079
1.905000;0.929837
1.906000;0.930593
1.907000;0.931350
1.908000;0.932106
1.909000;0.932861
1.910000;0.933616
1.911000;0.934371
1.912000;0.935126
1.913000;0.935880
1.914000;0.936633
1.915000;0.937386
1.916000;0.938139
1.917000;0.938891
1.918000;0.939643
1.919000;0.940395
1.920000;0.941146
1.921000;0.941897
1.922000;0.942648
1.923000;0.943398
1.924000;0.944147
1.925000;0.944896
1.926000;0.945645
1.927000;0.946394
1.928000;0.947142
1.929000;0.947890
1.930000;0.948637
1.931000;0.949384
1.932000;0.950130
1.933000;0.950876
1.934000;0.951622
1.935000;0.952367
1.936000;0.953112
1.937000;0.953857
1.938000;0.954601
1.939000;0.955345
1.940000;0.956088
1.941000;0.956831
1.942000;0.957574
1.943000;0.958316
1.944000;0.959058
1.945000;0.959800
1.946000;0.960541
1.947000;0.961281
1.948000;0.962022
1.949000;0.962762
1.950000;0.963501
1.951000;0.964240
1.952000;0.964979
1.953000;0.965718
1.954000;0.966456
1.955000;0.967193
1.956000;0.967931
1.957000;0.968668
1.958000;0.969404
1.959000;0.970140
1.960000;0.970876
1.961000;0.971611
1.962000;0.972346
1.963000;0.973081
1.964000;0.973815
1.965000;0.974549
1.966000;0.975283
1.967000;0.976016
1.968000;0.976748
1.969000;0.977481
1.970000;0.978213
1.971000;0.978944
1.972000;0.979676
1.973000;0.980407
1.974000;0.981137
1.975000;0.981867
1.976000;0.982597
1.977000;0.983326
1.978000;0.984055
1.979000;0.984784
1.980000;0.985512
1.981000;0.986240
1.982000;0.986968
1.983000;0.987695
1.984000;0.988422
1.985000;0.989148
1.986000;0.989874
1.987000;0.990600
1.988000;0.991325
1.989000;0.992050
1.990000;0.992774
1.991000;0.993499
1.992000;0.994222
1.993000;0.994946
1.994000;0.995669
1.995000;0.996392
1.996000;0.997114
1.997000;0.997836
1.998000;0.998558
1.999000;0.999279
2.000000;1.000000
2.001000;1.000721
2.002000;1.001441
2.003000;1.002161
2.004000;1.002880
2.005000;1.003665
2.006000;1.004384
2.007000;1.005103
2.008000;1.005821
2.009000;1.006539
2.010000;1.007257
2.011000;1.007974
2.012000;1.008691
2.013000;1.009408
2.014000;1.010124
2.015000;1.010840
2.016000;1.011555
2.017000;1.012270
2.018000;1.012985
2.019000;1.013700
2.020000;1.014414
2.021000;1.015127
2.022000;1.015841
2.023000;1.016554
2.024000;1.017266
2.025000;1.017979
2.026000;1.018691
2.027000;1.019402
2.028000;1.020114
2.029000;1.020824
2.030000;1.021535
2.031000;1.022245
2.032000;1.022955
2.033000;1.023664
2.034000;1.024374
2.035000;1.025082
2.036000;1.025791
2.037000;1.026499
2.038000;1.027207
2.039000;1.027914
2.040000;1.028621
2.041000;1.029328
2.042000;1.030034
2.043000;1.030740
2.044000;1.031446
2.045000;1.032151
2.046000;1.032856
2.047000;1.033561
2.048000;1.034265
2.049000;1.034969
2.050000;1.035672
2.051000;1.036375
2.052000;1.037078
2.053000;1.037781
2.054000;1.038483
2.055000;1.039185
2.056000;1.039886
2.057000;1.040588
2.058000;1.041288
2.059000;1.041989
2.060000;1.042689
2.061000;1.043389
2.062000;1.044088
2.063000;1.044787
2.064000;1.045486
2.065000;1.046184
2.066000;1.046882
2.067000;1.047580
2.068000;1.048278
2.069000;1.048975
2.070000;1.049671
2.071000;1.050368
2.072000;1.051064
2.073000;1.051760
2.074000;1.052455
2.075000;1.053150
2.076000;1.053845
2.077000;1.054539
2.078000;1.055233
2.079000;1.055927
2.080000;1.056620
2.081000;1.057313
2.082000;1.058006
2.083000;1.058698
2.084000;1.059390
2.085000;1.060082
2.086000;1.060773
2.087000;1.061464
2.088000;1.062155
2.089000;1.062845
2.090000;1.063535
2.091000;1.064225
2.092000;1.064914
2.093000;1.065603
2.094000;1.066292
2.095000;1.066980
2.096000;1.067668
2.097000;1.068356
2.098000;1.069043
2.099000;1.069730
2.100000;1.070417
2.101000;1.071103
2.102000;1.071789
2.103000;1.072475
2.104000;1.073160
2.105000;1.073845
2.106000;1.074530
2.107000;1.075214
2.108000;1.075898
2.109000;1.076582
2.110000;1.077265
2.111000;1.077949
2.112000;1.078631
2.113000;1.079314
2.114000;1.079996
2.115000;1.080678
2.116000;1.081359
2.117000;1.082040
2.118000;1.082721
2.119000;1.083401
2.120000;1.084082
2.121000;1.084761
2.122000;1.085441
2.123000;1.086120
2.124000;1.086799
2.125000;1.087477
2.126000;1.088156
2.127000;1.088834
2.128000;1.089511
2.129000;1.090188
2.130000;1.090865
2.131000;1.091542
2.132000;1.092218
2.133000;1.092894
2.134000;1.093570
2.135000;1.094245
2.136000;1.094920
2.137000;1.095595
2.138000;1.096269
2.139000;1.096943
2.140000;1.097617
2.141000;1.098290
2.142000;1.098964
2.143000;1.099636
2.144000;1.100309
2.145000;1.100981
2.146000;1.101653
2.147000;1.102324
2.148000;1.102995
2.149000;1.103666
2.150000;1.104337
2.151000;1.105007
2.152000;1.105677
2.153000;1.106347
2.154000;1.107016
2.155000;1.107685
2.156000;1.108354
2.157000;1.109022
2.158000;1.109690
2.159000;1.110358
2.160000;1.111025
2.161000;1.111692
2.162000;1.112359
2.163000;1.113026
2.164000;1.113692
2.165000;1.114358
2.166000;1.115095
2.167000;1.115760
2.168000;1.116425
2.169000;1.117090
2.170000;1.117755
2.171000;1.118419
2.172000;1.119084
2.173000;1.119747
2.174000;1.120411
2.175000;1.121074
2.176000;1.121737
2.177000;1.122399
2.178000;1.123061
2.179000;1.123723
2.180000;1.124385
2.181000;1.125046
2.182000;1.125707
2.183000;1.126368
2.184000;1.127028
2.185000;1.127688
2.186000;1.128348
2.187000;1.129008
2.188000;1.129667
2.189000;1.130326
2.190000;1.130984
2.191000;1.131642
2.192000;1.132300
2.193000;1.132958
2.194000;1.133615
2.195000;1.134272
2.196000;1.134929
2.197000;1.135586
2.198000;1.136242
2.199000;1.136898
2.200000;1.137553
2.201000;1.138208
2.202000;1.138863
2.203000;1.139518
2.204000;1.140172
2.205000;1.140826
2.206000;1.141480
2.207000;1.142134
2.208000;1.142787
2.209000;1.143440
2.210000;1.144092
2.211000;1.144744
2.212000;1.145396
2.213000;1.146048
2.214000;1.146699
2.215000;1.147350
2.216000;1.148001
2.217000;1.148652
2.218000;1.149302
2.219000;1.149952
2.220000;1.150601
2.221000;1.151251
2.222000;1.151900
2.223000;1.152548
2.224000;1.153197
2.225000;1.153845
2.226000;1.154493
2.227000;1.155140
2.228000;1.155788
2.229000;1.156434
2.230000;1.157081
2.231000;1.157728
2.232000;1.158374
2.233000;1.159019
2.234000;1.159665
2.235000;1.160310
2.236000;1.160955
2.237000;1.161600
2.238000;1.162244
2.239000;1.162888
2.240000;1.163532
2.241000;1.164175
2.242000;1.164818
2.243000;1.165461
2.244000;1.166104
2.245000;1.166746
2.246000;1.167388
2.247000;1.168030
2.248000;1.168671
2.249000;1.169312
2.250000;1.169953
2.251000;1.170594
2.252000;1.171234
2.253000;1.171874
2.254000;1.172514
2.255000;1.173153
2.256000;1.173792
2.257000;1.174431
2.258000;1.175070
2.259000;1.175708
2.260000;1.176346
2.261000;1.176984
2.262000;1.177621
2.263000;1.178258
2.264000;1.178895
2.265000;1.179532
2.266000;1.180168
2.267000;1.180804
2.268000;1.181440
2.269000;1.182075
2.270000;1.182711
2.271000;1.183345
2.272000;1.183980
2.273000;1.184614
2.274000;1.185248
2.275000;1.185882
2.276000;1.186516
2.277000;1.187149
2.278000;1.187782
2.279000;1.188414
2.280000;1.189047
2.281000;1.189679
2.282000;1.190311
2.283000;1.190942
2.284000;1.191573
2.285000;1.192204
2.286000;1.192835
2.287000;1.193465
2.288000;1.194096
2.289000;1.194725
2.290000;1.195355
2.291000;1.195984
2.292000;1.196613
2.293000;1.197242
2.294000;1.197870
2.295000;1.198499
2.296000;1.199127
2.297000;1.199754
2.298000;1.200382
2.299000;1.201009
2.300000;1.201635
2.301000;1.202262
2.302000;1.202888
2.303000;1.203514
2.304000;1.204140
2.305000;1.204765
2.306000;1.205390
2.307000;1.206015
2.308000;1.206640
2.309000;1.207264
2.310000;1.207888
2.311000;1.208512
2.312000;1.209136
2.313000;1.209759
2.314000;1.210382
2.315000;1.211005
2.316000;1.211627
2.317000;1.212249
2.318000;1.212871
2.319000;1.213493
2.320000;1.214114
2.321000;1.214735
2.322000;1.215356
2.323000;1.215976
2.324000;1.216597
2.325000;1.217217
2.326000;1.217836
2.327000;1.218456
2.328000;1.219075
2.329000;1.219694
2.330000;1.220313
2.331000;1.221007
2.332000;1.221626
2.333000;1.222244
2.334000;1.222862
2.335000;1.223479
2.336000;1.224097
2.337000;1.224714
2.338000;1.225331
2.339000;1.225947
2.340000;1.226563
2.341000;1.227179
2.342000;1.227795
2.343000;1.228411
2.344000;1.229026
2.345000;1.229641
2.346000;1.230256
2.347000;1.230870
2.348000;1.231484
2.349000;1.232098
2.350000;1.232712
2.351000;1.233325
2.352000;1.233938
2.353000;1.234551
2.354000;1.235164
2.355000;1.235776
2.356000;1.236388
2.357000;1.237000
2.358000;1.237612
2.359000;1.238223
2.360000;1.238834
2.361000;1.239445
2.362000;1.240055
2.363000;1.240666
2.364000;1.241276
2.365000;1.241885
2.366000;1.242495
2.367000;1.243104
2.368000;1.243713
2.369000;1.244322
2.370000;1.244930
2.371000;1.245538
2.372000;1.246146
2.373000;1.246754
2.374000;1.247361
2.375000;1.247969
2.376000;1.248575
2.377000;1.249182
2.378000;1.249789
2.379000;1.250395
2.380000;1.251000
2.381000;1.251606
2.382000;1.252211
2.383000;1.252817
2.384000;1.253421
2.385000;1.254026
2.386000;1.254630
2.387000;1.255234
2.388000;1.255838
2.389000;1.256442
2.390000;1.257045
2.391000;1.257648
2.392000;1.258251
2.393000;1.258853
2.394000;1.259456
2.395000;1.260058
2.396000;1.260660
2.397000;1.261261
2.398000;1.261862
2.399000;1.262463
2.400000;1.263064
2.401000;1.263665
2.402000;1.264265
2.403000;1.264865
2.404000;1.265465
2.405000;1.266064
2.406000;1.266664
2.407000;1.267263
2.408000;1.267861
2.409000;1.268460
2.410000;1.269058
2.411000;1.269656
2.412000;1.270254
2.413000;1.270851
2.414000;1.271449
2.415000;1.272046
2.416000;1.272642
2.417000;1.273239
2.418000;1.273835
2.419000;1.274431
2.420000;1.275027
2.421000;1.275623
2.422000;1.276218
2.423000;1.276813
2.424000;1.277408
2.425000;1.278002
2.426000;1.278596
2.427000;1.279190
2.428000;1.279784
2.429000;1.280378
2.430000;1.280971
2.431000;1.281564
2.432000;1.282157
2.433000;1.282749
2.434000;1.283342
2.435000;1.283934
2.436000;1.284526
2.437000;1.285117
2.438000;1.285709
2.439000;1.286300
2.440000;1.286890
2.441000;1.287481
2.442000;1.288071
2.443000;1.288662
2.444000;1.289251
2.445000;1.289841
2.446000;1.290430
2.447000;1.291020
2.448000;1.291608
2.449000;1.292197
2.450000;1.292785
2.451000;1.293374
2.452000;1.293962
2.453000;1.294549
2.454000;1.295137
2.455000;1.295724
2.456000;1.296311
2.457000;1.296897
2.458000;1.297484
2.459000;1.298070
2.460000;1.298656
2.461000;1.299242
2.462000;1.299827
2.463000;1.300413
2.464000;1.300998
2.465000;1.301583
2.466000;1.302167
2.467000;1.302751
2.468000;1.303335
2.469000;1.303919
2.470000;1.304503
2.471000;1.305086
2.472000;1.305669
2.473000;1.306252
2.474000;1.306835
2.475000;1.307417
2.476000;1.307999
2.477000;1.308581
2.478000;1.309163
2.479000;1.309744
2.480000;1.310326
2.481000;1.310907
2.482000;1.311487
2.483000;1.312068
2.484000;1.312648
2.485000;1.313228
2.486000;1.313808
2.487000;1.314387
2.488000;1.314967
2.489000;1.315546
2.490000;1.316125
2.491000;1.316703
2.492000;1.317282
2.493000;1.317860
2.494000;1.318438
2.495000;1.319015
2.496000;1.319593
2.497000;1.320170
2.498000;1.320747
2.499000;1.321404
2.500000;1.321981
2.501000;1.322558
2.502000;1.323134
2.503000;1.323710
2.504000;1.324286
2.505000;1.324862
2.506000;1.325437
2.507000;1.326012
2.508000;1.326587
2.509000;1.327162
2.510000;1.327736
2.511000;1.328311
2.512000;1.328885
2.513000;1.329459
2.514000;1.330032
2.515000;1.330606
2.516000;1.331179
2.517000;1.331752
2.518000;1.332324
2.519000;1.332897
2.520000;1.333469
2.521000;1.334041
2.522000;1.334612
2.523000;1.335184
2.524000;1.335755
2.525000;1.336326
2.526000;1.336897
2.527000;1.337468
2.528000;1.338038
2.529000;1.338608
2.530000;1.339178
2.531000;1.339748
2.532000;1.340317
2.533000;1.340887
2.534000;1.341456
2.535000;1.342024
2.536000;1.342593
2.537000;1.343161
2.538000;1.343729
2.539000;1.344297
2.540000;1.344865
2.541000;1.345432
2.542000;1.346000
2.543000;1.346567
2.544000;1.347133
2.545000;1.347700
2.546000;1.348266
2.547000;1.348832
2.548000;1.349398
2.549000;1.349964
2.550000;1.350529
2.551000;1.351094
2.552000;1.351659
2.553000;1.352224
2.554000;1.352789
2.555000;1.353353
2.556000;1.353917
2.557000;1.354481
2.558000;1.355044
2.559000;1.355608
2.560000;1.356171
2.561000;1.356734
2.562000;1.357297
2.563000;1.357859
2.564000;1.358421
2.565000;1.358984
2.566000;1.359545
2.567000;1.360107
2.568000;1.360668
2.569000;1.361230
2.570000;1.361791
2.571000;1.362351
2.572000;1.362912
2.573000;1.363472
2.574000;1.364032
2.575000;1.364592
2.576000;1.365152
2.577000;1.365711
2.578000;1.366270
2.579000;1.366829
2.580000;1.367388
2.581000;1.367947
2.582000;1.368505
2.583000;1.369063
2.584000;1.369621
2.585000;1.370179
2.586000;1.370736
2.587000;1.371294
2.588000;1.371851
2.589000;1.372407
2.590000;1.372964
2.591000;1.373520
2.592000;1.374077
2.593000;1.374632
2.594000;1.375188
2.595000;1.375744
2.596000;1.376299
2.597000;1.376854
2.598000;1.377409
2.599000;1.377964
2.600000;1.378518
2.601000;1.379072
2.602000;1.379626
2.603000;1.380180
2.604000;1.380734
2.605000;1.381287
2.606000;1.381840
2.607000;1.382393
2.608000;1.382946
2.609000;1.383498
2.610000;1.384051
2.611000;1.384603
2.612000;1.385155
2.613000;1.385706
2.614000;1.386258
2.615000;1.386809
2.616000;1.387360
2.617000;1.387911
2.618000;1.388461
2.619000;1.389012
2.620000;1.389562
2.621000;1.390112
2.622000;1.390661
2.623000;1.391211
2.624000;1.391760
2.625000;1.392309
2.626000;1.392858
2.627000;1.393407
2.628000;1.393955
2.629000;1.394504
2.630000;1.395052
2.631000;1.395600
2.632000;1.396147
2.633000;1.396695
2.634000;1.397242
2.635000;1.397789
2.636000;1.398336
2.637000;1.398882
2.638000;1.399429
2.639000;1.399975
2.640000;1.400521
2.641000;1.401066
2.642000;1.401612
2.643000;1.402157
2.644000;1.402702
2.645000;1.403247
2.646000;1.403792
2.647000;1.404336
2.648000;1.404881
2.649000;1.405425
2.650000;1.405969
2.651000;1.406512
2.652000;1.407056
2.653000;1.407599
2.654000;1.408142
2.655000;1.408685
2.656000;1.409228
2.657000;1.409770
2.658000;1.410312
2.659000;1.410854
2.660000;1.411396
2.661000;1.411938
2.662000;1.412479
2.663000;1.413020
2.664000;1.413561
2.665000;1.414102
2.666000;1.414642
2.667000;1.415183
2.668000;1.415723
2.669000;1.416263
2.670000;1.416887
2.671000;1.417427
2.672000;1.417966
2.673000;1.418506
2.674000;1.419045
2.675000;1.419584
2.676000;1.420123
2.677000;1.420661
2.678000;1.421200
2.679000;1.421738
2.680000;1.422276
2.681000;1.422814
2.682000;1.423351
2.683000;1.423889
2.684000;1.424426
2.685000;1.424963
2.686000;1.425500
2.687000;1.426036
2.688000;1.426573
2.689000;1.427109
2.690000;1.427645
2.691000;1.428181
2.692000;1.428716
2.693000;1.429252
2.694000;1.429787
2.695000;1.430322
2.696000;1.430857
2.697000;1.431391
2.698000;1.431926
2.699000;1.432460
2.700000;1.432994
2.701000;1.433527
2.702000;1.434061
2.703000;1.434594
2.704000;1.435128
2.705000;1.435661
2.706000;1.436193
2.707000;1.436726
2.708000;1.437258
2.709000;1.437791
2.710000;1.438323
2.711000;1.438854
2.712000;1.439386
2.713000;1.439917
2.714000;1.440449
2.715000;1.440980
2.716000;1.441510
2.717000;1.442041
2.718000;1.442571
2.719000;1.443102
2.720000;1.443632
2.721000;1.444161
2.722000;1.444691
2.723000;1.445220
2.724000;1.445750
2.725000;1.446279
2.726000;1.446808
2.727000;1.447336
2.728000;1.447865
2.729000;1.448393
2.730000;1.448921
2.731000;1.449449
2.732000;1.449976
2.733000;1.450504
2.734000;1.451031
2.735000;1.451558
2.736000;1.452085
2.737000;1.452612
2.738000;1.453138
2.739000;1.453665
2.740000;1.454191
2.741000;1.454717
2.742000;1.455242
2.743000;1.455768
2.744000;1.456293
2.745000;1.456818
2.746000;1.457343
2.747000;1.457868
2.748000;1.458393
2.749000;1.458917
2.750000;1.459441
2.751000;1.459965
2.752000;1.460489
2.753000;1.461013
2.754000;1.461536
2.755000;1.462059
2.756000;1.462582
2.757000;1.463105
2.758000;1.463628
2.759000;1.464150
2.760000;1.464672
2.761000;1.465195
2.762000;1.465716
2.763000;1.466238
2.764000;1.466760
2.765000;1.467281
2.766000;1.467802
2.767000;1.468323
2.768000;1.468844
2.769000;1.469364
2.770000;1.469885
2.771000;1.470405
2.772000;1.470925
2.773000;1.471445
2.774000;1.471964
2.775000;1.472484
2.776000;1.473003
2.777000;1.473522
2.778000;1.474041
2.779000;1.474559
2.780000;1.475078
2.781000;1.475596
2.782000;1.476114
2.783000;1.476632
2.784000;1.477150
2.785000;1.477667
2.786000;1.478185
2.787000;1.478702
2.788000;1.479219
2.789000;1.479735
2.790000;1.480252
2.791000;1.480768
2.792000;1.481285
2.793000;1.481801
2.794000;1.482316
2.795000;1.482832
2.796000;1.483348
2.797000;1.483863
2.798000;1.484378
2.799000;1.484893
2.800000;1.485408
2.801000;1.485922
2.802000;1.486436
2.803000;1.486951
2.804000;1.487465
2.805000;1.487978
2.806000;1.488492
2.807000;1.489005
2.808000;1.489519
2.809000;1.490032
2.810000;1.490545
2.811000;1.491057
2.812000;1.491570
2.813000;1.492082
2.814000;1.492594
2.815000;1.493106
2.816000;1.493618
2.817000;1.494130
2.818000;1.494641
2.819000;1.495152
2.820000;1.495663
2.821000;1.496174
2.822000;1.496685
2.823000;1.497195
2.824000;1.497705
2.825000;1.498216
2.826000;1.498725
2.827000;1.499235
2.828000;1.499745
2.829000;1.500254
2.830000;1.500763
2.831000;1.501272
2.832000;1.501781
2.833000;1.502290
2.834000;1.502798
2.835000;1.503307
2.836000;1.503815
2.837000;1.504323
2.838000;1.504830
2.839000;1.505338
2.840000;1.505845
2.841000;1.506353
2.842000;1.506860
2.843000;1.507454
2.844000;1.507961
2.845000;1.508468
2.846000;1.508974
2.847000;1.509481
2.848000;1.509987
2.849000;1.510493
2.850000;1.510999
2.851000;1.511505
2.852000;1.512010
2.853000;1.512515
2.854000;1.513021
2.855000;1.513526
2.856000;1.514030
2.857000;1.514535
2.858000;1.515039
2.859000;1.515544
2.860000;1.516048
2.861000;1.516552
2.862000;1.517055
2.863000;1.517559
2.864000;1.518062
2.865000;1.518565
2.866000;1.519068
2.867000;1.519571
2.868000;1.520074
2.869000;1.520576
2.870000;1.521079
2.871000;1.521581
2.872000;1.522083
2.873000;1.522584
2.874000;1.523086
2.875000;1.523587
2.876000;1.524089
2.877000;1.524590
2.878000;1.525091
2.879000;1.525591
2.880000;1.526092
2.881000;1.526592
2.882000;1.527092
2.883000;1.527592
2.884000;1.528092
2.885000;1.528592
2.886000;1.529091
2.887000;1.529591
2.888000;1.530090
2.889000;1.530589
2.890000;1.531088
2.891000;1.531586
2.892000;1.532085
2.893000;1.532583
2.894000;1.533081
2.895000;1.533579
2.896000;1.534077
2.897000;1.534574
2.898000;1.535072
2.899000;1.535569
2.900000;1.536066
2.901000;1.536563
2.902000;1.537060
2.903000;1.537556
2.904000;1.538052
2.905000;1.538549
2.906000;1.539045
2.907000;1.539541
2.908000;1.540036
2.909000;1.540532
2.910000;1.541027
2.911000;1.541522
2.912000;1.542017
2.913000;1.542512
2.914000;1.543007
2.915000;1.543501
2.916000;1.543995
2.917000;1.544490
2.918000;1.544983
2.919000;1.545477
2.920000;1.545971
2.921000;1.546464
2.922000;1.546958
2.923000;1.547451
2.924000;1.547944
2.925000;1.548436
2.926000;1.548929
2.927000;1.549421
2.928000;1.549914
2.929000;1.550406
2.930000;1.550898
2.931000;1.551389
2.932000;1.551881
2.933000;1.552372
2.934000;1.552864
2.935000;1.553355
2.936000;1.553846
2.937000;1.554336
2.938000;1.554827
2.939000;1.555317
2.940000;1.555807
2.941000;1.556298
2.942000;1.556787
2.943000;1.557277
2.944000;1.557767
2.945000;1.558256
2.946000;1.558745
2.947000;1.559234
2.948000;1.559723
2.949000;1.560212
2.950000;1.560700
2.951000;1.561189
2.952000;1.561677
2.953000;1.562165
2.954000;1.562653
2.955000;1.563141
2.956000;1.563628
2.957000;1.564116
2.958000;1.564603
2.959000;1.565090
2.960000;1.565577
2.961000;1.566063
2.962000;1.566550
2.963000;1.567036
2.964000;1.567522
2.965000;1.568009
2.966000;1.568494
2.967000;1.568980
2.968000;1.569466
2.969000;1.569951
2.970000;1.570436
2.971000;1.570921
2.972000;1.571406
2.973000;1.571891
2.974000;1.572375
2.975000;1.572860
2.976000;1.573344
2.977000;1.573828
2.978000;1.574312
2.979000;1.574796
2.980000;1.575279
2.981000;1.575763
2.982000;1.576246
2.983000;1.576729
2.984000;1.577212
2.985000;1.577695
2.986000;1.578177
2.987000;1.578660
2.988000;1.579142
2.989000;1.579624
2.990000;1.580106
2.991000;1.580588
2.992000;1.581069
2.993000;1.581551
2.994000;1.582032
2.995000;1.582513
2.996000;1.582994
2.997000;1.583475
2.998000;1.583956
2.999000;1.584436
3.000000;1.584916
3.001000;1.585396
3.002000;1.585876
3.003000;1.586356
3.004000;1.586836
3.005000;1.587315
3.006000;1.587795
3.007000;1.588274
3.008000;1.588753
3.009000;1.589232
3.010000;1.589710
3.011000;1.590189
3.012000;1.590667
3.013000;1.591146
3.014000;1.591624
3.015000;1.592102
3.016000;1.592579
3.017000;1.593057
3.018000;1.593534
3.019000;1.594102
3.020000;1.594580
3.021000;1.595057
3.022000;1.595534
3.023000;1.596011
3.024000;1.596487
3.025000;1.596964
3.026000;1.597440
3.027000;1.597917
3.028000;1.598393
3.029000;1.598869
3.030000;1.599344
3.031000;1.599820
3.032000;1.600295
3.033000;1.600771
3.034000;1.601246
3.035000;1.601721
3.036000;1.602195
3.037000;1.602670
3.038000;1.603145
3.039000;1.603619
3.040000;1.604093
3.041000;1.604567
3.042000;1.605041
3.043000;1.605515
3.044000;1.605988
3.045000;1.606462
3.046000;1.606935
3.047000;1.607408
3.048000;1.607881
3.049000;1.608353
3.050000;1.608826
3.051000;1.609299
3.052000;1.609771
3.053000;1.610243
3.054000;1.610715
3.055000;1.611187
3.056000;1.611658
3.057000;1.612130
3.058000;1.612601
3.059000;1.613072
3.060000;1.613543
3.061000;1.614014
3.062000;1.614485
3.063000;1.614956
3.064000;1.615426
3.065000;1.615896
3.066000;1.616366
3.067000;1.616836
3.068000;1.617306
3.069000;1.617776
3.070000;1.618245
3.071000;1.618715
3.072000;1.619184
3.073000;1.619653
3.074000;1.620122
3.075000;1.620590
3.076000;1.621059
3.077000;1.621527
3.078000;1.621996
3.079000;1.622464
3.080000;1.622932
3.081000;1.623400
3.082000;1.623867
3.083000;1.624335
3.084000;1.624802
3.085000;1.625269
3.086000;1.625736
3.087000;1.626203
3.088000;1.626670
3.089000;1.627136
3.090000;1.627603
3.091000;1.628069
3.092000;1.628535
3.093000;1.629001
3.094000;1.629467
3.095000;1.629933
3.096000;1.630398
3.097000;1.630863
3.098000;1.631329
3.099000;1.631794
3.100000;1.632259
3.101000;1.632723
3.102000;1.633188
3.103000;1.633652
3.104000;1.634117
3.105000;1.634581
3.106000;1.635045
3.107000;1.635509
3.108000;1.635972
3.109000;1.636436
3.110000;1.636899
3.111000;1.637362
3.112000;1.637826
3.113000;1.638288
3.114000;1.638751
3.115000;1.639214
3.116000;1.639676
3.117000;1.640139
3.118000;1.640601
3.119000;1.641063
3.120000;1.641525
3.121000;1.641987
3.122000;1.642448
3.123000;1.642910
3.124000;1.643371
3.125000;1.643832
3.126000;1.644293
3.127000;1.644754
3.128000;1.645214
3.129000;1.645675
3.130000;1.646135
3.131000;1.646596
3.132000;1.647056
3.133000;1.647516
3.134000;1.647975
3.135000;1.648435
3.136000;1.648895
3.137000;1.649354
3.138000;1.649813
3.139000;1.650272
3.140000;1.650731
3.141000;1.651190
3.142000;1.651649
3.143000;1.652107
3.144000;1.652565
3.145000;1.653023
3.146000;1.653481
3.147000;1.653939
3.148000;1.654397
3.149000;1.654855
3.150000;1.655312
3.151000;1.655769
3.152000;1.656227
3.153000;1.656684
3.154000;1.657140
3.155000;1.657597
3.156000;1.658054
3.157000;1.658510
3.158000;1.658966
3.159000;1.659422
3.160000;1.659878
3.161000;1.660334
3.162000;1.660790
3.163000;1.661245
3.164000;1.661701
3.165000;1.662156
3.166000;1.662611
3.167000;1.663066
3.168000;1.663521
3.169000;1.663976
3.170000;1.664430
3.171000;1.664884
3.172000;1.665339
3.173000;1.665793
3.174000;1.666247
3.175000;1.666700
3.176000;1.667154
3.177000;1.667608
3.178000;1.668061
3.179000;1.668514
3.180000;1.668967
3.181000;1.669420
3.182000;1.669873
3.183000;1.670325
3.184000;1.670778
3.185000;1.671230
3.186000;1.671683
3.187000;1.672135
3.188000;1.672586
3.189000;1.673038
3.190000;1.673490
3.191000;1.673941
3.192000;1.674393
3.193000;1.674844
3.194000;1.675295
3.195000;1.675746
3.196000;1.676197
3.197000;1.676741
3.198000;1.677192
3.199000;1.677642
3.200000;1.678093
3.201000;1.678543
3.202000;1.678993
3.203000;1.679443
3.204000;1.679893
3.205000;1.680343
3.206000;1.680792
3.207000;1.681242
3.208000;1.681691
3.209000;1.682140
3.210000;1.682589
3.211000;1.683038
3.212000;1.683487
3.213000;1.683935
3.214000;1.684384
3.215000;1.684832
3.216000;1.685280
3.217000;1.685728
3.218000;1.686176
3.219000;1.686624
3.220000;1.687072
3.221000;1.687519
3.222000;1.687966
3.223000;1.688414
3.224000;1.688861
3.225000;1.689308
3.226000;1.689754
3.227000;1.690201
3.228000;1.690647
3.229000;1.691094
3.230000;1.691540
3.231000;1.691986
3.232000;1.692432
3.233000;1.692878
3.234000;1.693323
3.235000;1.693769
3.236000;1.694214
3.237000;1.694660
3.238000;1.695105
3.239000;1.695550
3.240000;1.695994
3.241000;1.696439
3.242000;1.696884
3.243000;1.697328
3.244000;1.697772
3.245000;1.698216
3.246000;1.698660
3.247000;1.699104
3.248000;1.699548
3.249000;1.699992
3.250000;1.700435
3.251000;1.700878
3.252000;1.701321
3.253000;1.701765
3.254000;1.702207
3.255000;1.702650
3.256000;1.703093
3.257000;1.703535
3.258000;1.703978
3.259000;1.704420
3.260000;1.704862
3.261000;1.705304
3.262000;1.705746
3.263000;1.706187
3.264000;1.706629
3.265000;1.707070
3.266000;1.707511
3.267000;1.707952
3.268000;1.708393
3.269000;1.708834
3.270000;1.709275
3.271000;1.709715
3.272000;1.710156
3.273000;1.710596
3.274000;1.711036
3.275000;1.711476
3.276000;1.711916
3.277000;1.712356
3.278000;1.712796
3.279000;1.713235
3.280000;1.713674
3.281000;1.714114
3.282000;1.714553
3.283000;1.714992
3.284000;1.715430
3.285000;1.715869
3.286000;1.716308
3.287000;1.716746
3.288000;1.717184
3.289000;1.717622
3.290000;1.718060
3.291000;1.718498
3.292000;1.718936
3.293000;1.719373
3.294000;1.719811
3.295000;1.720248
3.296000;1.720685
3.297000;1.721122
3.298000;1.721559
3.299000;1.721996
3.300000;1.722433
3.301000;1.722869
3.302000;1.723306
3.303000;1.723742
3.304000;1.724178
3.305000;1.724614
3.306000;1.725050
3.307000;1.725485
3.308000;1.725921
3.309000;1.726356
3.310000;1.726792
3.311000;1.727227
3.312000;1.727662
3.313000;1.728097
3.314000;1.728532
3.315000;1.728966
3.316000;1.729401
3.317000;1.729835
3.318000;1.730269
3.319000;1.730704
3.320000;1.731138
3.321000;1.731571
3.322000;1.732005
3.323000;1.732439
3.324000;1.732872
3.325000;1.733305
3.326000;1.733739
3.327000;1.734172
3.328000;1.734605
3.329000;1.735037
3.330000;1.735470
3.331000;1.735903
3.332000;1.736335
3.333000;1.736767
3.334000;1.737199
3.335000;1.737631
3.336000;1.738063
3.337000;1.738495
3.338000;1.738927
3.339000;1.739358
3.340000;1.739789
3.341000;1.740221
3.342000;1.740652
3.343000;1.741083
3.344000;1.741513
3.345000;1.741944
3.346000;1.742375
3.347000;1.742805
3.348000;1.743235
3.349000;1.743666
3.350000;1.744096
3.351000;1.744526
3.352000;1.744955
3.353000;1.745385
3.354000;1.745815
3.355000;1.746244
3.356000;1.746673
3.357000;1.747102
3.358000;1.747531
3.359000;1.747960
3.360000;1.748389
3.361000;1.748818
3.362000;1.749246
3.363000;1.749674
3.364000;1.750103
3.365000;1.750531
3.366000;1.750959
3.367000;1.751387
3.368000;1.751814
3.369000;1.752242
3.370000;1.752669
3.371000;1.753097
3.372000;1.753524
3.373000;1.753951
3.374000;1.754378
3.375000;1.754805
3.376000;1.755231
3.377000;1.755658
3.378000;1.756181
3.379000;1.756607
3.380000;1.757034
3.381000;1.757460
3.382000;1.757886
3.383000;1.758312
3.384000;1.758738
3.385000;1.759164
3.386000;1.759589
3.387000;1.760015
3.388000;1.760440
3.389000;1.760866
3.390000;1.761291
3.391000;1.761716
3.392000;1.762141
3.393000;1.762565
3.394000;1.762990
3.395000;1.763414
3.396000;1.763839
3.397000;1.764263
3.398000;1.764687
3.399000;1.765111
3.400000;1.765535
3.401000;1.765959
3.402000;1.766382
3.403000;1.766806
3.404000;1.767229
3.405000;1.767653
3.406000;1.768076
3.407000;1.768499
3.408000;1.768921
3.409000;1.769344
3.410000;1.769767
3.411000;1.770189
3.412000;1.770612
3.413000;1.771034
3.414000;1.771456
3.415000;1.771878
3.416000;1.772300
3.417000;1.772722
3.418000;1.773143
3.419000;1.773565
3.420000;1.773986
3.421000;1.774407
3.422000;1.774828
3.423000;1.775249
3.424000;1.775670
3.425000;1.776091
3.426000;1.776512
3.427000;1.776932
3.428000;1.777353
3.429000;1.777773
3.430000;1.778193
3.431000;1.778613
3.432000;1.779033
3.433000;1.779452
3.434000;1.779872
3.435000;1.780292
3.436000;1.780711
3.437000;1.781130
3.438000;1.781549
3.439000;1.781968
3.440000;1.782387
3.441000;1.782806
3.442000;1.783225
3.443000;1.783643
3.444000;1.784062
3.445000;1.784480
3.446000;1.784898
3.447000;1.785316
3.448000;1.785734
3.449000;1.786152
3.450000;1.786569
3.451000;1.786987
3.452000;1.787404
3.453000;1.787822
3.454000;1.788239
3.455000;1.788656
3.456000;1.789073
3.457000;1.789490
3.458000;1.789906
3.459000;1.790323
3.460000;1.790739
3.461000;1.791156
3.462000;1.791572
3.463000;1.791988
3.464000;1.792404
3.465000;1.792820
3.466000;1.793235
3.467000;1.793651
3.468000;1.794066
3.469000;1.794482
3.470000;1.794897
3.471000;1.795312
3.472000;1.795727
3.473000;1.796142
3.474000;1.796557
3.475000;1.796971
3.476000;1.797386
3.477000;1.797800
3.478000;1.798214
3.479000;1.798628
3.480000;1.799042
3.481000;1.799456
3.482000;1.799870
3.483000;1.800284
3.484000;1.800697
3.485000;1.801111
3.486000;1.801524
3.487000;1.801937
3.488000;1.802350
3.489000;1.802763
3.490000;1.803176
3.491000;1.803589
3.492000;1.804001
3.493000;1.804414
3.494000;1.804826
3.495000;1.805238
3.496000;1.805650
3.497000;1.806062
3.498000;1.806474
3.499000;1.806886
3.500000;1.807297
3.501000;1.807709
3.502000;1.808120
3.503000;1.808532
3.504000;1.808943
3.505000;1.809354
3.506000;1.809765
3.507000;1.810175
3.508000;1.810586
3.509000;1.810997
3.510000;1.811407
3.511000;1.811817
3.512000;1.812228
3.513000;1.812638
3.514000;1.813048
3.515000;1.813457
3.516000;1.813867
3.517000;1.814277
3.518000;1.814686
3.519000;1.815096
3.520000;1.815505
3.521000;1.815914
3.522000;1.816323
3.523000;1.816732
3.524000;1.817141
3.525000;1.817549
3.526000;1.817958
3.527000;1.818366
3.528000;1.818775
3.529000;1.819183
3.530000;1.819591
3.531000;1.819999
3.532000;1.820407
3.533000;1.820814
3.534000;1.821222
3.535000;1.821630
3.536000;1.822037
3.537000;1.822444
3.538000;1.822851
3.539000;1.823258
3.540000;1.823665
3.541000;1.824072
3.542000;1.824479
3.543000;1.824885
3.544000;1.825292
3.545000;1.825698
3.546000;1.826104
3.547000;1.826510
3.548000;1.826916
3.549000;1.827322
3.550000;1.827728
3.551000;1.828134
3.552000;1.828539
3.553000;1.828944
3.554000;1.829350
3.555000;1.829755
3.556000;1.830160
3.557000;1.830565
3.558000;1.830970
3.559000;1.831374
3.560000;1.831878
3.561000;1.832282
3.562000;1.832687
3.563000;1.833091
3.564000;1.833496
3.565000;1.833900
3.566000;1.834304
3.567000;1.834708
3.568000;1.835112
3.569000;1.835516
3.570000;1.835919
3.571000;1.836323
3.572000;1.836726
3.573000;1.837130
3.574000;1.837533
3.575000;1.837936
3.576000;1.838339
3.577000;1.838742
3.578000;1.839144
3.579000;1.839547
3.580000;1.839950
3.581000;1.840352
3.582000;1.840754
3.583000;1.841156
3.584000;1.841559
3.585000;1.841960
3.586000;1.842362
3.587000;1.842764
3.588000;1.843166
3.589000;1.843567
3.590000;1.843969
3.591000;1.844370
3.592000;1.844771
3.593000;1.845172
3.594000;1.845573
3.595000;1.845974
3.596000;1.846374
3.597000;1.846775
3.598000;1.847175
3.599000;1.847576
3.600000;1.847976
3.601000;1.848376
3.602000;1.848776
3.603000;1.849176
3.604000;1.849576
3.605000;1.849976
3.606000;1.850375
3.607000;1.850775
3.608000;1.851174
3.609000;1.851573
3.610000;1.851972
3.611000;1.852372
3.612000;1.852770
3.613000;1.853169
3.614000;1.853568
3.615000;1.853966
3.616000;1.854365
3.617000;1.854763
3.618000;1.855162
3.619000;1.855560
3.620000;1.855958
3.621000;1.856356
3.622000;1.856753
3.623000;1.857151
3.624000;1.857549
3.625000;1.857946
3.626000;1.858343
3.627000;1.858741
3.628000;1.859138
3.629000;1.859535
3.630000;1.859932
3.631000;1.860329
3.632000;1.860725
3.633000;1.861122
3.634000;1.861518
3.635000;1.861915
3.636000;1.862311
3.637000;1.862707
3.638000;1.863103
3.639000;1.863499
3.640000;1.863895
3.641000;1.864290
3.642000;1.864686
3.643000;1.865082
3.644000;1.865477
3.645000;1.865872
3.646000;1.866267
3.647000;1.866662
3.648000;1.867057
3.649000;1.867452
3.650000;1.867847
3.651000;1.868241
3.652000;1.868636
3.653000;1.869030
3.654000;1.869424
3.655000;1.869819
3.656000;1.870213
3.657000;1.870607
3.658000;1.871000
3.659000;1.871394
3.660000;1.871788
3.661000;1.872181
3.662000;1.872575
3.663000;1.872968
3.664000;1.873361
3.665000;1.873754
3.666000;1.874147
3.667000;1.874540
3.668000;1.874933
3.669000;1.875325
3.670000;1.875718
3.671000;1.876110
3.672000;1.876503
3.673000;1.876895
3.674000;1.877287
3.675000;1.877679
3.676000;1.878071
3.677000;1.878463
3.678000;1.878854
3.679000;1.879246
3.680000;1.879637
3.681000;1.880029
3.682000;1.880420
3.683000;1.880811
3.684000;1.881202
3.685000;1.881593
3.686000;1.881984
3.687000;1.882374
3.688000;1.882765
3.689000;1.883155
3.690000;1.883546
3.691000;1.883936
3.692000;1.884326
3.693000;1.884716
3.694000;1.885106
3.695000;1.885496
3.696000;1.885886
3.697000;1.886275
3.698000;1.886665
3.699000;1.887054
3.700000;1.887444
3.701000;1.887833
3.702000;1.888222
3.703000;1.888611
3.704000;1.889000
3.705000;1.889389
3.706000;1.889777
3.707000;1.890166
3.708000;1.890554
3.709000;1.890943
3.710000;1.891331
3.711000;1.891719
3.712000;1.892107
3.713000;1.892495
3.714000;1.892883
3.715000;1.893270
3.716000;1.893658
3.717000;1.894046
3.718000;1.894433
3.719000;1.894820
3.720000;1.895207
3.721000;1.895594
3.722000;1.895981
3.723000;1.896368
3.724000;1.896755
3.725000;1.897142
3.726000;1.897528
3.727000;1.897915
3.728000;1.898301
3.729000;1.898687
3.730000;1.899073
3.731000;1.899459
3.732000;1.899845
3.733000;1.900231
3.734000;1.900617
3.735000;1.901002
3.736000;1.901388
3.737000;1.901773
3.738000;1.902159
3.739000;1.902544
3.740000;1.902929
3.741000;1.903314
3.742000;1.903699
3.743000;1.904084
3.744000;1.904468
3.745000;1.904954
3.746000;1.905338
3.747000;1.905723
3.748000;1.906107
3.749000;1.906492
3.750000;1.906876
3.751000;1.907260
3.752000;1.907644
3.753000;1.908028
3.754000;1.908412
3.755000;1.908796
3.756000;1.909179
3.757000;1.909563
3.758000;1.909946
3.759000;1.910329
3.760000;1.910713
3.761000;1.911096
3.762000;1.911479
3.763000;1.911862
3.764000;1.912244
3.765000;1.912627
3.766000;1.913010
3.767000;1.913392
3.768000;1.913775
3.769000;1.914157
3.770000;1.914539
3.771000;1.914921
3.772000;1.915303
3.773000;1.915685
3.774000;1.916067
3.775000;1.916449
3.776000;1.916830
3.777000;1.917212
3.778000;1.917593
3.779000;1.917974
3.780000;1.918355
3.781000;1.918736
3.782000;1.919117
3.783000;1.919498
3.784000;1.919879
3.785000;1.920260
3.786000;1.920640
3.787000;1.921021
3.788000;1.921401
3.789000;1.921781
3.790000;1.922161
3.791000;1.922541
3.792000;1.922921
3.793000;1.923301
3.794000;1.923681
3.795000;1.924061
3.796000;1.924440
3.797000;1.924819
3.798000;1.925199
3.799000;1.925578
3.800000;1.925957
3.801000;1.926336
3.802000;1.926715
3.803000;1.927094
3.804000;1.927473
3.805000;1.927851
3.806000;1.928230
3.807000;1.928608
3.808000;1.928987
3.809000;1.929365
3.810000;1.929743
3.811000;1.930121
3.812000;1.930499
3.813000;1.930877
3.814000;1.931254
3.815000;1.931632
3.816000;1.932010
3.817000;1.932387
3.818000;1.932764
3.819000;1.933142
3.820000;1.933519
3.821000;1.933896
3.822000;1.934273
3.823000;1.934649
3.824000;1.935026
3.825000;1.935403
3.826000;1.935779
3.827000;1.936156
3.828000;1.936532
3.829000;1.936908
3.830000;1.937284
3.831000;1.937660
3.832000;1.938036
3.833000;1.938412
3.834000;1.938788
3.835000;1.939163
3.836000;1.939539
3.837000;1.939914
3.838000;1.940290
3.839000;1.940665
3.840000;1.941040
3.841000;1.941415
3.842000;1.941790
3.843000;1.942165
3.844000;1.942540
3.845000;1.942914
3.846000;1.943289
3.847000;1.943663
3.848000;1.944038
3.849000;1.944412
3.850000;1.944786
3.851000;1.945160
3.852000;1.945534
3.853000;1.945908
3.854000;1.946282
3.855000;1.946655
3.856000;1.947029
3.857000;1.947402
3.858000;1.947776
3.859000;1.948149
3.860000;1.948522
3.861000;1.948895
3.862000;1.949268
3.863000;1.949641
3.864000;1.950014
3.865000;1.950386
3.866000;1.950759
3.867000;1.951131
3.868000;1.951504
3.869000;1.951876
3.870000;1.952248
3.871000;1.952620
3.872000;1.952992
3.873000;1.953364
3.874000;1.953736
3.875000;1.954108
3.876000;1.954479
3.877000;1.954851
3.878000;1.955222
3.879000;1.955593
3.880000;1.955965
3.881000;1.956336
3.882000;1.956707
3.883000;1.957078
3.884000;1.957449
3.885000;1.957819
3.886000;1.958190
3.887000;1.958560
3.888000;1.958931
3.889000;1.959301
3.890000;1.959671
3.891000;1.960042
3.892000;1.960412
3.893000;1.960782
3.894000;1.961151
3.895000;1.961521
3.896000;1.961891
3.897000;1.962260
3.898000;1.962630
3.899000;1.962999
3.900000;1.963369
3.901000;1.963738
3.902000;1.964107
3.903000;1.964476
3.904000;1.964845
3.905000;1.965213
3.906000;1.965582
3.907000;1.965951
3.908000;1.966319
3.909000;1.966688
3.910000;1.967056
3.911000;1.967424
3.912000;1.967792
3.913000;1.968160
3.914000;1.968528
3.915000;1.968896
3.916000;1.969264
3.917000;1.969632
3.918000;1.969999
3.919000;1.970367
3.920000;1.970734
3.921000;1.971101
3.922000;1.971468
3.923000;1.971836
3.924000;1.972203
3.925000;1.972569
3.926000;1.972936
3.927000;1.973303
3.928000;1.973670
3.929000;1.974036
3.930000;1.974402
3.931000;1.974872
3.932000;1.975238
3.933000;1.975604
3.934000;1.975971
3.935000;1.976337
3.936000;1.976703
3.937000;1.977069
3.938000;1.977435
3.939000;1.977800
3.940000;1.978166
3.941000;1.978532
3.942000;1.978897
3.943000;1.979263
3.944000;1.979628
3.945000;1.979993
3.946000;1.980358
3.947000;1.980723
3.948000;1.981088
3.949000;1.981453
3.950000;1.981818
3.951000;1.982182
3.952000;1.982547
3.953000;1.982911
3.954000;1.983276
3.955000;1.983640
3.956000;1.984004
3.957000;1.984368
3.958000;1.984732
3.959000;1.985096
3.960000;1.985460
3.961000;1.985824
3.962000;1.986187
3.963000;1.986551
3.964000;1.986914
3.965000;1.987277
3.966000;1.987641
3.967000;1.988004
3.968000;1.988367
3.969000;1.988730
3.970000;1.989093
3.971000;1.989456
3.972000;1.989818
3.973000;1.990181
3.974000;1.990543
3.975000;1.990906
3.976000;1.991268
3.977000;1.991630
3.978000;1.991992
3.979000;1.992354
3.980000;1.992716
3.981000;1.993078
3.982000;1.993440
3.983000;1.993802
3.984000;1.994163
3.985000;1.994525
3.986000;1.994886
3.987000;1.995248
3.988000;1.995609
3.989000;1.995970
3.990000;1.996331
3.991000;1.996692
3.992000;1.997053
3.993000;1.997413
3.994000;1.997774
3.995000;1.998135
3.996000;1.998495
3.997000;1.998856
3.998000;1.999216
3.999000;1.999576
4.000000;1.999936
4.001000;2.000296
4.002000;2.000656
4.003000;2.001016
4.004000;2.001376
4.005000;2.001735
4.006000;2.002095
4.007000;2.002454
4.008000;2.002814
4.009000;2.003173
4.010000;2.003532
4.011000;2.003892
4.012000;2.004251
4.013000;2.004609
4.014000;2.004968
4.015000;2.005327
4.016000;2.005686
4.017000;2.006044
4.018000;2.006403
4.019000;2.006761
4.020000;2.007119
4.021000;2.007478
4.022000;2.007836
4.023000;2.008194
4.024000;2.008552
4.025000;2.008910
4.026000;2.009267
4.027000;2.009625
4.028000;2.009983
4.029000;2.010340
4.030000;2.010698
4.031000;2.011055
4.032000;2.011412
4.033000;2.011769
4.034000;2.012126
4.035000;2.012483
4.036000;2.012840
4.037000;2.013197
4.038000;2.013554
4.039000;2.013910
4.040000;2.014267
4.041000;2.014623
4.042000;2.014979
4.043000;2.015336
4.044000;2.015692
4.045000;2.016048
4.046000;2.016404
4.047000;2.016760
4.048000;2.017115
4.049000;2.017471
4.050000;2.017827
4.051000;2.018182
4.052000;2.018538
4.053000;2.018893
4.054000;2.019248
4.055000;2.019604
4.056000;2.019959
4.057000;2.020314
4.058000;2.020668
4.059000;2.021023
4.060000;2.021378
4.061000;2.021733
4.062000;2.022087
4.063000;2.022442
4.064000;2.022796
4.065000;2.023150
4.066000;2.023504
4.067000;2.023859
4.068000;2.024213
4.069000;2.024567
4.070000;2.024920
4.071000;2.025274
4.072000;2.025628
4.073000;2.025981
4.074000;2.026335
4.075000;2.026688
4.076000;2.027042
4.077000;2.027395
4.078000;2.027748
4.079000;2.028101
4.080000;2.028454
4.081000;2.028807
4.082000;2.029160
4.083000;2.029512
4.084000;2.029865
4.085000;2.030217
4.086000;2.030570
4.087000;2.030922
4.088000;2.031274
4.089000;2.031627
4.090000;2.031979
4.091000;2.032331
4.092000;2.032683
4.093000;2.033034
4.094000;2.033386
4.095000;2.033738
4.096000;2.034089
4.097000;2.034441
4.098000;2.034792
4.099000;2.035144
4.100000;2.035495
4.101000;2.035846
4.102000;2.036197
4.103000;2.036548
4.104000;2.036899
4.105000;2.037250
4.106000;2.037600
4.107000;2.037951
4.108000;2.038301
4.109000;2.038652
4.110000;2.039002
4.111000;2.039352
4.112000;2.039703
4.113000;2.040053
4.114000;2.040403
4.115000;2.040753
4.116000;2.041102
4.117000;2.041452
4.118000;2.041802
4.119000;2.042256
4.120000;2.042606
4.121000;2.042955
4.122000;2.043305
4.123000;2.043654
4.124000;2.044003
4.125000;2.044353
4.126000;2.044702
4.127000;2.045051
4.128000;2.045400
4.129000;2.045749
4.130000;2.046098
4.131000;2.046446
4.132000;2.046795
4.133000;2.047143
4.134000;2.047492
4.135000;2.047840
4.136000;2.048189
4.137000;2.048537
4.138000;2.048885
4.139000;2.049233
4.140000;2.049581
4.141000;2.049929
4.142000;2.050277
4.143000;2.050624
4.144000;2.050972
4.145000;2.051319
4.146000;2.051667
4.147000;2.052014
4.148000;2.052362
4.149000;2.052709
4.150000;2.053056
4.151000;2.053403
4.152000;2.053750
4.153000;2.054097
4.154000;2.054443
4.155000;2.054790
4.156000;2.055137
4.157000;2.055483
4.158000;2.055830
4.159000;2.056176
4.160000;2.056522
4.161000;2.056868
4.162000;2.057215
4.163000;2.057561
4.164000;2.057907
4.165000;2.058252
4.166000;2.058598
4.167000;2.058944
4.168000;2.059289
4.169000;2.059635
4.170000;2.059980
4.171000;2.060326
4.172000;2.060671
4.173000;2.061016
4.174000;2.061361
4.175000;2.061706
4.176000;2.062051
4.177000;2.062396
4.178000;2.062741
4.179000;2.063085
4.180000;2.063430
4.181000;2.063774
4.182000;2.064119
4.183000;2.064463
4.184000;2.064807
4.185000;2.065152
4.186000;2.065496
4.187000;2.065840
4.188000;2.066184
4.189000;2.066527
4.190000;2.066871
4.191000;2.067215
4.192000;2.067558
4.193000;2.067902
4.194000;2.068245
4.195000;2.068589
4.196000;2.068932
4.197000;2.069275
4.198000;2.069618
4.199000;2.069961
4.200000;2.070304
4.201000;2.070647
4.202000;2.070990
4.203000;2.071332
4.204000;2.071675
4.205000;2.072017
4.206000;2.072360
4.207000;2.072702
4.208000;2.073044
4.209000;2.073387
4.210000;2.073729
4.211000;2.074071
4.212000;2.074413
4.213000;2.074755
4.214000;2.075096
4.215000;2.075438
4.216000;2.075780
4.217000;2.076121
4.218000;2.076463
4.219000;2.076804
4.220000;2.077145
4.221000;2.077486
4.222000;2.077827
4.223000;2.078169
4.224000;2.078509
4.225000;2.078850
4.226000;2.079191
4.227000;2.079532
4.228000;2.079872
4.229000;2.080213
4.230000;2.080553
4.231000;2.080894
4.232000;2.081234
4.233000;2.081574
4.234000;2.081914
4.235000;2.082254
4.236000;2.082594
4.237000;2.082934
4.238000;2.083274
4.239000;2.083614
4.240000;2.083953
4.241000;2.084293
4.242000;2.084633
4.243000;2.084972
4.244000;2.085311
4.245000;2.085650
4.246000;2.085990
4.247000;2.086329
4.248000;2.086668
4.249000;2.087007
4.250000;2.087345
4.251000;2.087684
4.252000;2.088023
4.253000;2.088361
4.254000;2.088700
4.255000;2.089038
4.256000;2.089377
4.257000;2.089715
4.258000;2.090053
4.259000;2.090391
4.260000;2.090729
4.261000;2.091067
4.262000;2.091405
4.263000;2.091743
4.264000;2.092081
4.265000;2.092418
4.266000;2.092756
4.267000;2.093093
4.268000;2.093431
4.269000;2.093768
4.270000;2.094105
4.271000;2.094442
4.272000;2.094779
4.273000;2.095116
4.274000;2.095453
4.275000;2.095790
4.276000;2.096127
4.277000;2.096463
4.278000;2.096800
4.279000;2.097136
4.280000;2.097473
4.281000;2.097809
4.282000;2.098145
4.283000;2.098482
4.284000;2.098818
4.285000;2.099154
4.286000;2.099490
4.287000;2.099825
4.288000;2.100161
4.289000;2.100497
4.290000;2.100833
4.291000;2.101168
4.292000;2.101504
4.293000;2.101839
4.294000;2.102174
4.295000;2.102510
4.296000;2.102845
4.297000;2.103180
4.298000;2.103515
4.299000;2.103850
4.300000;2.104184
4.301000;2.104519
4.302000;2.104854
4.303000;2.105188
4.304000;2.105523
4.305000;2.105857
4.306000;2.106192
4.307000;2.106526
4.308000;2.106860
4.309000;2.107301
4.310000;2.107635
4.311000;2.107969
4.312000;2.108303
4.313000;2.108637
4.314000;2.108971
4.315000;2.109305
4.316000;2.109639
4.317000;2.109972
4.318000;2.110306
4.319000;2.110639
4.320000;2.110973
4.321000;2.111306
4.322000;2.111639
4.323000;2.111973
4.324000;2.112306
4.325000;2.112639
4.326000;2.112972
4.327000;2.113305
4.328000;2.113637
4.329000;2.113970
4.330000;2.114303
4.331000;2.114635
4.332000;2.114968
4.333000;2.115300
4.334000;2.115633
4.335000;2.115965
4.336000;2.116297
4.337000;2.116629
4.338000;2.116961
4.339000;2.117293
4.340000;2.117625
4.341000;2.117957
4.342000;2.118289
4.343000;2.118620
4.344000;2.118952
4.345000;2.119283
4.346000;2.119615
4.347000;2.119946
4.348000;2.120277
4.349000;2.120608
4.350000;2.120940
4.351000;2.121271
4.352000;2.121602
4.353000;2.121932
4.354000;2.122263
4.355000;2.122594
4.356000;2.122925
4.357000;2.123255
4.358000;2.123586
4.359000;2.123916
4.360000;2.124246
4.361000;2.124577
4.362000;2.124907
4.363000;2.125237
4.364000;2.125567
4.365000;2.125897
4.366000;2.126227
4.367000;2.126557
4.368000;2.126886
4.369000;2.127216
4.370000;2.127546
4.371000;2.127875
4.372000;2.128204
4.373000;2.128534
4.374000;2.128863
4.375000;2.129192
4.376000;2.129521
4.377000;2.129850
4.378000;2.130179
4.379000;2.130508
4.380000;2.130837
4.381000;2.131166
4.382000;2.131494
4.383000;2.131823
4.384000;2.132151
4.385000;2.132480
4.386000;2.132808
4.387000;2.133136
4.388000;2.133465
4.389000;2.133793
4.390000;2.134121
4.391000;2.134449
4.392000;2.134777
4.393000;2.135105
4.394000;2.135432
4.395000;2.135760
4.396000;2.136088
4.397000;2.136415
4.398000;2.136742
4.399000;2.137070
4.400000;2.137397
4.401000;2.137724
4.402000;2.138051
4.403000;2.138379
4.404000;2.138706
4.405000;2.139032
4.406000;2.139359
4.407000;2.139686
4.408000;2.140013
4.409000;2.140339
4.410000;2.140666
4.411000;2.140992
4.412000;2.141319
4.413000;2.141645
4.414000;2.141971
4.415000;2.142297
4.416000;2.142624
4.417000;2.142950
4.418000;2.143275
4.419000;2.143601
4.420000;2.143927
4.421000;2.144253
4.422000;2.144578
4.423000;2.144904
4.424000;2.145229
4.425000;2.145555
4.426000;2.145880
4.427000;2.146206
4.428000;2.146531
4.429000;2.146856
4.430000;2.147181
4.431000;2.147506
4.432000;2.147831
4.433000;2.148156
4.434000;2.148480
4.435000;2.148805
4.436000;2.149130
4.437000;2.149454
4.438000;2.149778
4.439000;2.150103
4.440000;2.150427
4.441000;2.150751
4.442000;2.151076
4.443000;2.151400
4.444000;2.151724
4.445000;2.152048
4.446000;2.152371
4.447000;2.152695
4.448000;2.153019
4.449000;2.153342
4.450000;2.153666
4.451000;2.153990
4.452000;2.154313
4.453000;2.154636
4.454000;2.154960
4.455000;2.155283
4.456000;2.155606
4.457000;2.155929
4.458000;2.156252
4.459000;2.156575
4.460000;2.156898
4.461000;2.157220
4.462000;2.157543
4.463000;2.157866
4.464000;2.158188
4.465000;2.158511
4.466000;2.158833
4.467000;2.159155
4.468000;2.159477
4.469000;2.159800
4.470000;2.160122
4.471000;2.160444
4.472000;2.160766
4.473000;2.161087
4.474000;2.161409
4.475000;2.161731
4.476000;2.162053
4.477000;2.162374
4.478000;2.162696
4.479000;2.163017
4.480000;2.163339
4.481000;2.163660
4.482000;2.163981
4.483000;2.164302
4.484000;2.164623
4.485000;2.164944
4.486000;2.165265
4.487000;2.165586
4.488000;2.165907
4.489000;2.166227
4.490000;2.166548
4.491000;2.166869
4.492000;2.167189
4.493000;2.167510
4.494000;2.167830
4.495000;2.168150
4.496000;2.168470
4.497000;2.168790
4.498000;2.169110
4.499000;2.169430
4.500000;2.169858
4.501000;2.170178
4.502000;2.170498
4.503000;2.170818
4.504000;2.171138
4.505000;2.171457
4.506000;2.171777
4.507000;2.172097
4.508000;2.172416
4.509000;2.172736
4.510000;2.173055
4.511000;2.173374
4.512000;2.173693
4.513000;2.174013
4.514000;2.174332
4.515000;2.174651
4.516000;2.174970
4.517000;2.175288
4.518000;2.175607
4.519000;2.175926
4.520000;2.176245
4.521000;2.176563
4.522000;2.176882
4.523000;2.177200
4.524000;2.177518
4.525000;2.177837
4.526000;2.178155
4.527000;2.178473
4.528000;2.178791
4.529000;2.179109
4.530000;2.179427
4.531000;2.179745
4.532000;2.180063
4.533000;2.180380
4.534000;2.180698
4.535000;2.181016
4.536000;2.181333
4.537000;2.181650
4.538000;2.181968
4.539000;2.182285
4.540000;2.182602
4.541000;2.182919
4.542000;2.183237
4.543000;2.183554
4.544000;2.183870
4.545000;2.184187
4.546000;2.184504
4.547000;2.184821
4.548000;2.185138
4.549000;2.185454
4.550000;2.185771
4.551000;2.186087
4.552000;2.186403
4.553000;2.186720
4.554000;2.187036
4.555000;2.187352
4.556000;2.187668
4.557000;2.187984
4.558000;2.188300
4.559000;2.188616
4.560000;2.188932
4.561000;2.189248
4.562000;2.189563
4.563000;2.189879
4.564000;2.190194
4.565000;2.190510
4.566000;2.190825
4.567000;2.191140
4.568000;2.191456
4.569000;2.191771
4.570000;2.192086
4.571000;2.192401
4.572000;2.192716
4.573000;2.193031
4.574000;2.193346
4.575000;2.193660
4.576000;2.193975
4.577000;2.194290
4.578000;2.194604
4.579000;2.194919
4.580000;2.195233
4.581000;2.195548
4.582000;2.195862
4.583000;2.196176
4.584000;2.196490
4.585000;2.196804
4.586000;2.197118
4.587000;2.197432
4.588000;2.197746
4.589000;2.198060
4.590000;2.198373
4.591000;2.198687
4.592000;2.199001
4.593000;2.199314
4.594000;2.199628
4.595000;2.199941
4.596000;2.200254
4.597000;2.200567
4.598000;2.200881
4.599000;2.201194
4.600000;2.201507
4.601000;2.201820
4.602000;2.202133
4.603000;2.202445
4.604000;2.202758
4.605000;2.203071
4.606000;2.203383
4.607000;2.203696
4.608000;2.204008
4.609000;2.204321
4.610000;2.204633
4.611000;2.204945
4.612000;2.205258
4.613000;2.205570
4.614000;2.205882
4.615000;2.206194
4.616000;2.206506
4.617000;2.206817
4.618000;2.207129
4.619000;2.207441
4.620000;2.207753
4.621000;2.208064
4.622000;2.208376
4.623000;2.208687
4.624000;2.208998
4.625000;2.209310
4.626000;2.209621
4.627000;2.209932
4.628000;2.210243
4.629000;2.210554
4.630000;2.210865
4.631000;2.211176
4.632000;2.211487
4.633000;2.211798
4.634000;2.212108
4.635000;2.212419
4.636000;2.212730
4.637000;2.213040
4.638000;2.213350
4.639000;2.213661
4.640000;2.213971
4.641000;2.214281
4.642000;2.214591
4.643000;2.214901
4.644000;2.215211
4.645000;2.215521
4.646000;2.215831
4.647000;2.216141
4.648000;2.216451
4.649000;2.216760
4.650000;2.217070
4.651000;2.217380
4.652000;2.217689
4.653000;2.217998
4.654000;2.218308
4.655000;2.218617
4.656000;2.218926
4.657000;2.219235
4.658000;2.219544
4.659000;2.219853
4.660000;2.220162
4.661000;2.220471
4.662000;2.220780
4.663000;2.221089
4.664000;2.221397
4.665000;2.221706
4.666000;2.222014
4.667000;2.222323
4.668000;2.222631
4.669000;2.222940
4.670000;2.223248
4.671000;2.223556
4.672000;2.223864
4.673000;2.224172
4.674000;2.224480
4.675000;2.224788
4.676000;2.225096
4.677000;2.225404
4.678000;2.225711
4.679000;2.226019
4.680000;2.226327
4.681000;2.226634
4.682000;2.226942
4.683000;2.227249
4.684000;2.227556
4.685000;2.227864
4.686000;2.228171
4.687000;2.228478
4.688000;2.228785
4.689000;2.229092
4.690000;2.229399
4.691000;2.229706
4.692000;2.230012
4.693000;2.230428
4.694000;2.230735
4.695000;2.231042
4.696000;2.231349
4.697000;2.231655
4.698000;2.231962
4.699000;2.232268
4.700000;2.232575
4.701000;2.232881
4.702000;2.233187
4.703000;2.233494
4.704000;2.233800
4.705000;2.234106
4.706000;2.234412
4.707000;2.234718
4.708000;2.235024
4.709000;2.235329
4.710000;2.235635
4.711000;2.235941
4.712000;2.236247
4.713000;2.236552
4.714000;2.236858
4.715000;2.237163
4.716000;2.237468
4.717000;2.237774
4.718000;2.238079
4.719000;2.238384
4.720000;2.238689
4.721000;2.238994
4.722000;2.239299
4.723000;2.239604
4.724000;2.239909
4.725000;2.240214
4.726000;2.240518
4.727000;2.240823
4.728000;2.241128
4.729000;2.241432
4.730000;2.241737
4.731000;2.242041
4.732000;2.242345
4.733000;2.242650
4.734000;2.242954
4.735000;2.243258
4.736000;2.243562
4.737000;2.243866
4.738000;2.244170
4.739000;2.244474
4.740000;2.244777
4.741000;2.245081
4.742000;2.245385
4.743000;2.245688
4.744000;2.245992
4.745000;2.246295
4.746000;2.246599
4.747000;2.246902
4.748000;2.247205
4.749000;2.247509
4.750000;2.247812
4.751000;2.248115
4.752000;2.248418
4.753000;2.248721
4.754000;2.249024
4.755000;2.249327
4.756000;2.249629
4.757000;2.249932
4.758000;2.250235
4.759000;2.250537
4.760000;2.250840
4.761000;2.251142
4.762000;2.251444
4.763000;2.251747
4.764000;2.252049
4.765000;2.252351
4.766000;2.252653
4.767000;2.252955
4.768000;2.253257
4.769000;2.253559
4.770000;2.253861
4.771000;2.254163
4.772000;2.254465
4.773000;2.254766
4.774000;2.255068
4.775000;2.255369
4.776000;2.255671
4.777000;2.255972
4.778000;2.256274
4.779000;2.256575
4.780000;2.256876
4.781000;2.257177
4.782000;2.257478
4.783000;2.257779
4.784000;2.258080
4.785000;2.258381
4.786000;2.258682
4.787000;2.258983
4.788000;2.259283
4.789000;2.259584
4.790000;2.259885
4.791000;2.260185
4.792000;2.260486
4.793000;2.260786
4.794000;2.261086
4.795000;2.261387
4.796000;2.261687
4.797000;2.261987
4.798000;2.262287
4.799000;2.262587
4.800000;2.262887
4.801000;2.263187
4.802000;2.263487
4.803000;2.263786
4.804000;2.264086
4.805000;2.264386
4.806000;2.264685
4.807000;2.264985
4.808000;2.265284
4.809000;2.265583
4.810000;2.265883
4.811000;2.266182
4.812000;2.266481
4.813000;2.266780
4.814000;2.267079
4.815000;2.267378
4.816000;2.267677
4.817000;2.267976
4.818000;2.268275
4.819000;2.268574
4.820000;2.268872
4.821000;2.269171
4.822000;2.269470
4.823000;2.269768
4.824000;2.270066
4.825000;2.270365
4.826000;2.270663
4.827000;2.270961
4.828000;2.271259
4.829000;2.271558
4.830000;2.271856
4.831000;2.272154
4.832000;2.272452
4.833000;2.272749
4.834000;2.273047
4.835000;2.273345
4.836000;2.273643
4.837000;2.273940
4.838000;2.274238
4.839000;2.274535
4.840000;2.274833
4.841000;2.275130
4.842000;2.275427
4.843000;2.275724
4.844000;2.276022
4.845000;2.276319
4.846000;2.276616
4.847000;2.276913
4.848000;2.277210
4.849000;2.277507
4.850000;2.277803
4.851000;2.278100
4.852000;2.278397
4.853000;2.278693
4.854000;2.278990
4.855000;2.279286
4.856000;2.279583
4.857000;2.279879
4.858000;2.280175
4.859000;2.280472
4.860000;2.280768
4.861000;2.281064
4.862000;2.281360
4.863000;2.281656
4.864000;2.281952
4.865000;2.282248
4.866000;2.282544
4.867000;2.282839
4.868000;2.283135
4.869000;2.283431
4.870000;2.283726
4.871000;2.284022
4.872000;2.284317
4.873000;2.284613
4.874000;2.284908
4.875000;2.285203
4.876000;2.285498
4.877000;2.285793
4.878000;2.286088
4.879000;2.286383
4.880000;2.286678
4.881000;2.286973
4.882000;2.287268
4.883000;2.287563
4.884000;2.287858
4.885000;2.288152
4.886000;2.288447
4.887000;2.288741
4.888000;2.289146
4.889000;2.289441
4.890000;2.289735
4.891000;2.290030
4.892000;2.290324
4.893000;2.290618
4.894000;2.290913
4.895000;2.291207
4.896000;2.291501
4.897000;2.291795
4.898000;2.292089
4.899000;2.292383
4.900000;2.292677
4.901000;2.292971
4.902000;2.293264
4.903000;2.293558
4.904000;2.293852
4.905000;2.294145
4.906000;2.294439
4.907000;2.294732
4.908000;2.295026
4.909000;2.295319
4.910000;2.295612
4.911000;2.295905
4.912000;2.296199
4.913000;2.296492
4.914000;2.296785
4.915000;2.297078
4.916000;2.297371
4.917000;2.297663
4.918000;2.297956
4.919000;2.298249
4.920000;2.298542
4.921000;2.298834
4.922000;2.299127
4.923000;2.299419
4.924000;2.299712
4.925000;2.300004
4.926000;2.300296
4.927000;2.300588
4.928000;2.300881
4.929000;2.301173
4.930000;2.301465
4.931000;2.301757
4.932000;2.302049
4.933000;2.302341
4.934000;2.302632
4.935000;2.302924
4.936000;2.303216
4.937000;2.303508
4.938000;2.303799
4.939000;2.304091
4.940000;2.304382
4.941000;2.304673
4.942000;2.304965
4.943000;2.305256
4.944000;2.305547
4.945000;2.305838
4.946000;2.306130
4.947000;2.306421
4.948000;2.306712
4.949000;2.307003
4.950000;2.307293
4.951000;2.307584
4.952000;2.307875
4.953000;2.308166
4.954000;2.308456
4.955000;2.308747
4.956000;2.309037
4.957000;2.309328
4.958000;2.309618
4.959000;2.309908
4.960000;2.310199
4.961000;2.310489
4.962000;2.310779
4.963000;2.311069
4.964000;2.311359
4.965000;2.311649
4.966000;2.311939
4.967000;2.312229
4.968000;2.312519
4.969000;2.312808
4.970000;2.313098
4.971000;2.313388
4.972000;2.313677
4.973000;2.313967
4.974000;2.314256
4.975000;2.314546
4.976000;2.314835
4.977000;2.315124
4.978000;2.315413
4.979000;2.315702
4.980000;2.315992
4.981000;2.316281
4.982000;2.316570
4.983000;2.316858
4.984000;2.317147
4.985000;2.317436
4.986000;2.317725
4.987000;2.318013
4.988000;2.318302
4.989000;2.318591
4.990000;2.318879
4.991000;2.319168
4.992000;2.319456
4.993000;2.319744
4.994000;2.320032
4.995000;2.320321
4.996000;2.320609
4.997000;2.320897
4.998000;2.321185
4.999000;2.321473
